,Type,Name,Published,Is featured?,Visibility in catalog,Description,Tax status,Tax class,In stock?,Backorders allowed?,Sold individually?,Allow customer reviews?,Regular price,Categories,Tags,Images,Parent,Position,Attribute 1 name,Attribute 1 value(s),Attribute 1 visible,Attribute 1 global,Attribute 1 default,Attribute 2 name,Attribute 2 value(s),Attribute 2 visible,Attribute 2 global,Attribute 2 default
3001,simple,AntiAge,1,0,visible,Description,taxable,,1,0,0,1,1,"Ibn Alhaytham, Ibn Alhaytham > Amino Acids, Vitamins and Minerals",tags,img,,0,Dosage form,Attribute 1 value(s),1,1,Attribute 1 default,Dosage Strength,Attribute 2 value(s),1,1,Attribute 2 default
3002,simple,Baby Fort,1,0,visible,Description,taxable,,1,0,0,1,1,"Ibn Alhaytham, Ibn Alhaytham > Amino Acids, Vitamins and Minerals",tags,img,,0,Dosage form,Attribute 1 value(s),1,1,Attribute 1 default,Dosage Strength,Attribute 2 value(s),1,1,Attribute 2 default
3003,simple,Energetic,1,0,visible,Description,taxable,,1,0,0,1,1,"Ibn Alhaytham, Ibn Alhaytham > Amino Acids, Vitamins and Minerals",tags,img,,0,Dosage form,Attribute 1 value(s),1,1,Attribute 1 default,Dosage Strength,Attribute 2 value(s),1,1,Attribute 2 default
3004,simple,Folevit,1,0,visible,Description,taxable,,1,0,0,1,1,"Ibn Alhaytham, Ibn Alhaytham > Amino Acids, Vitamins and Minerals",tags,img,,0,Dosage form,Attribute 1 value(s),1,1,Attribute 1 default,Dosage Strength,Attribute 2 value(s),1,1,Attribute 2 default
3005,simple,Glutaphos,1,0,visible,Description,taxable,,1,0,0,1,1,"Ibn Alhaytham, Ibn Alhaytham > Amino Acids, Vitamins and Minerals",tags,img,,0,Dosage form,Attribute 1 value(s),1,1,Attribute 1 default,Dosage Strength,Attribute 2 value(s),1,1,Attribute 2 default
3006,simple,Grand Vita,1,0,visible,Description,taxable,,1,0,0,1,1,"Ibn Alhaytham, Ibn Alhaytham > Amino Acids, Vitamins and Minerals",tags,img,,0,Dosage form,Attribute 1 value(s),1,1,Attribute 1 default,Dosage Strength,Attribute 2 value(s),1,1,Attribute 2 default
3007,simple,Healthy Pregna,1,0,visible,Description,taxable,,1,0,0,1,1,"Ibn Alhaytham, Ibn Alhaytham > Amino Acids, Vitamins and Minerals",tags,img,,0,Dosage form,Attribute 1 value(s),1,1,Attribute 1 default,Dosage Strength,Attribute 2 value(s),1,1,Attribute 2 default
3008,simple,Iron + Vitamins,1,0,visible,Description,taxable,,1,0,0,1,1,"Ibn Alhaytham, Ibn Alhaytham > Amino Acids, Vitamins and Minerals",tags,img,,0,Dosage form,Attribute 1 value(s),1,1,Attribute 1 default,Dosage Strength,Attribute 2 value(s),1,1,Attribute 2 default
3009,simple,Memory forte,1,0,visible,Description,taxable,,1,0,0,1,1,"Ibn Alhaytham, Ibn Alhaytham > Amino Acids, Vitamins and Minerals",tags,img,,0,Dosage form,Attribute 1 value(s),1,1,Attribute 1 default,Dosage Strength,Attribute 2 value(s),1,1,Attribute 2 default
3010,simple,Mg,1,0,visible,Description,taxable,,1,0,0,1,1,"Ibn Alhaytham, Ibn Alhaytham > Amino Acids, Vitamins and Minerals",tags,img,,0,Dosage form,Attribute 1 value(s),1,1,Attribute 1 default,Dosage Strength,Attribute 2 value(s),1,1,Attribute 2 default
3011,simple,Mini Vita,1,0,visible,Description,taxable,,1,0,0,1,1,"Ibn Alhaytham, Ibn Alhaytham > Amino Acids, Vitamins and Minerals",tags,img,,0,Dosage form,Attribute 1 value(s),1,1,Attribute 1 default,Dosage Strength,Attribute 2 value(s),1,1,Attribute 2 default
3012,simple,Vit Selen,1,0,visible,Description,taxable,,1,0,0,1,1,"Ibn Alhaytham, Ibn Alhaytham > Amino Acids, Vitamins and Minerals",tags,img,,0,Dosage form,Attribute 1 value(s),1,1,Attribute 1 default,Dosage Strength,Attribute 2 value(s),1,1,Attribute 2 default
3013,simple,Acnetrix,1,0,visible,Description,taxable,,1,0,0,1,1,"Ibn Alhaytham, Ibn Alhaytham > Anti Acne",tags,img,,0,Dosage form,Attribute 1 value(s),1,1,Attribute 1 default,Dosage Strength,Attribute 2 value(s),1,1,Attribute 2 default
3014,simple,Metroxazide,1,0,visible,Description,taxable,,1,0,0,1,1,"Ibn Alhaytham, Ibn Alhaytham > Anti Diarrhea Drug",tags,img,,0,Dosage form,Attribute 1 value(s),1,1,Attribute 1 default,Dosage Strength,Attribute 2 value(s),1,1,Attribute 2 default
3015,simple,Opicadril,1,0,visible,Description,taxable,,1,0,0,1,1,"Ibn Alhaytham, Ibn Alhaytham > Anti Diarrhea Drug",tags,img,,0,Dosage form,Attribute 1 value(s),1,1,Attribute 1 default,Dosage Strength,Attribute 2 value(s),1,1,Attribute 2 default
3016,simple,Clarithromycin,1,0,visible,Description,taxable,,1,0,0,1,1,"Ibn Alhaytham, Ibn Alhaytham > Anti-infective Drugs - Antibacterial - Antiviral",tags,img,,0,Dosage form,Attribute 1 value(s),1,1,Attribute 1 default,Dosage Strength,Attribute 2 value(s),1,1,Attribute 2 default
3017,simple,Floxalive,1,0,visible,Description,taxable,,1,0,0,1,1,"Ibn Alhaytham, Ibn Alhaytham > Anti-infective Drugs - Antibacterial - Antiviral",tags,img,,0,Dosage form,Attribute 1 value(s),1,1,Attribute 1 default,Dosage Strength,Attribute 2 value(s),1,1,Attribute 2 default
3018,simple,Moxicin,1,0,visible,Description,taxable,,1,0,0,1,1,"Ibn Alhaytham, Ibn Alhaytham > Anti-infective Drugs - Antibacterial - Antiviral",tags,img,,0,Dosage form,Attribute 1 value(s),1,1,Attribute 1 default,Dosage Strength,Attribute 2 value(s),1,1,Attribute 2 default
3019,simple,Metro Vagyl,1,0,visible,Description,taxable,,1,0,0,1,1,"Ibn Alhaytham, Ibn Alhaytham > Anti-infective Drugs - Antifungal",tags,img,,0,Dosage form,Attribute 1 value(s),1,1,Attribute 1 default,Dosage Strength,Attribute 2 value(s),1,1,Attribute 2 default
3020,simple,Fenogesic,1,0,visible,Description,taxable,,1,0,0,1,1,"Ibn Alhaytham, Ibn Alhaytham > Anti-inflammatory Drugs - Analgesics - Antipyretic",tags,img,,0,Dosage form,Attribute 1 value(s),1,1,Attribute 1 default,Dosage Strength,Attribute 2 value(s),1,1,Attribute 2 default
3021,simple,Mefenamic,1,0,visible,Description,taxable,,1,0,0,1,1,"Ibn Alhaytham, Ibn Alhaytham > Anti-inflammatory Drugs - Analgesics - Antipyretic",tags,img,,0,Dosage form,Attribute 1 value(s),1,1,Attribute 1 default,Dosage Strength,Attribute 2 value(s),1,1,Attribute 2 default
3022,simple,Paradol,1,0,visible,Description,taxable,,1,0,0,1,1,"Ibn Alhaytham, Ibn Alhaytham > Anti-inflammatory Drugs - Analgesics - Antipyretic",tags,img,,0,Dosage form,Attribute 1 value(s),1,1,Attribute 1 default,Dosage Strength,Attribute 2 value(s),1,1,Attribute 2 default
3023,simple,Fast Action,1,0,visible,Description,taxable,,1,0,0,1,1,"Ibn Alhaytham, Ibn Alhaytham > Antiallergics",tags,img,,0,Dosage form,Attribute 1 value(s),1,1,Attribute 1 default,Dosage Strength,Attribute 2 value(s),1,1,Attribute 2 default
3024,simple,Megragesic,1,0,visible,Description,taxable,,1,0,0,1,1,"Ibn Alhaytham, Ibn Alhaytham > Antimigraine Drugs",tags,img,,0,Dosage form,Attribute 1 value(s),1,1,Attribute 1 default,Dosage Strength,Attribute 2 value(s),1,1,Attribute 2 default
3025,simple,Orlistat,1,0,visible,Description,taxable,,1,0,0,1,1,"Ibn Alhaytham, Ibn Alhaytham > Antiobesity Drugs",tags,img,,0,Dosage form,Attribute 1 value(s),1,1,Attribute 1 default,Dosage Strength,Attribute 2 value(s),1,1,Attribute 2 default
3026,simple,Calcium 200,1,0,visible,Description,taxable,,1,0,0,1,1,"Ibn Alhaytham, Ibn Alhaytham > Antiosteoporotic Drugs",tags,img,,0,Dosage form,Attribute 1 value(s),1,1,Attribute 1 default,Dosage Strength,Attribute 2 value(s),1,1,Attribute 2 default
3027,simple,Urispam,1,0,visible,Description,taxable,,1,0,0,1,1,"Ibn Alhaytham, Ibn Alhaytham > Antispasmodics",tags,img,,0,Dosage form,Attribute 1 value(s),1,1,Attribute 1 default,Dosage Strength,Attribute 2 value(s),1,1,Attribute 2 default
3028,simple,Indapamide SR,1,0,visible,Description,taxable,,1,0,0,1,1,"Ibn Alhaytham, Ibn Alhaytham > Cardiovascular Drugs",tags,img,,0,Dosage form,Attribute 1 value(s),1,1,Attribute 1 default,Dosage Strength,Attribute 2 value(s),1,1,Attribute 2 default
3029,simple,Nifemex Retard,1,0,visible,Description,taxable,,1,0,0,1,1,"Ibn Alhaytham, Ibn Alhaytham > Cardiovascular Drugs",tags,img,,0,Dosage form,Attribute 1 value(s),1,1,Attribute 1 default,Dosage Strength,Attribute 2 value(s),1,1,Attribute 2 default
3030,simple,Dentalin Gel,1,0,visible,Description,taxable,,1,0,0,1,1,"Ibn Alhaytham, Ibn Alhaytham > Dental and Topical Oral Preparations",tags,img,,0,Dosage form,Attribute 1 value(s),1,1,Attribute 1 default,Dosage Strength,Attribute 2 value(s),1,1,Attribute 2 default
3031,simple,Oralog,1,0,visible,Description,taxable,,1,0,0,1,1,"Ibn Alhaytham, Ibn Alhaytham > Dental and Topical Oral Preparations",tags,img,,0,Dosage form,Attribute 1 value(s),1,1,Attribute 1 default,Dosage Strength,Attribute 2 value(s),1,1,Attribute 2 default
3032,simple,PonySyr,1,0,visible,Description,taxable,,1,0,0,1,1,"Ibn Alhaytham, Ibn Alhaytham > Dental and Topical Oral Preparations",tags,img,,0,Dosage form,Attribute 1 value(s),1,1,Attribute 1 default,Dosage Strength,Attribute 2 value(s),1,1,Attribute 2 default
3033,simple,Forderm cream,1,0,visible,Description,taxable,,1,0,0,1,1,"Ibn Alhaytham, Ibn Alhaytham > Dermatological Drugs",tags,img,,0,Dosage form,Attribute 1 value(s),1,1,Attribute 1 default,Dosage Strength,Attribute 2 value(s),1,1,Attribute 2 default
3034,simple,Newdex Cream,1,0,visible,Description,taxable,,1,0,0,1,1,"Ibn Alhaytham, Ibn Alhaytham > Dermatological Drugs",tags,img,,0,Dosage form,Attribute 1 value(s),1,1,Attribute 1 default,Dosage Strength,Attribute 2 value(s),1,1,Attribute 2 default
3035,simple,Polybiotic Oint,1,0,visible,Description,taxable,,1,0,0,1,1,"Ibn Alhaytham, Ibn Alhaytham > Dermatological Drugs",tags,img,,0,Dosage form,Attribute 1 value(s),1,1,Attribute 1 default,Dosage Strength,Attribute 2 value(s),1,1,Attribute 2 default
3036,simple,Scarderm,1,0,visible,Description,taxable,,1,0,0,1,1,"Ibn Alhaytham, Ibn Alhaytham > Dermatological Drugs",tags,img,,0,Dosage form,Attribute 1 value(s),1,1,Attribute 1 default,Dosage Strength,Attribute 2 value(s),1,1,Attribute 2 default
3037,simple,Argenor,1,0,visible,Description,taxable,,1,0,0,1,1,"Ibn Alhaytham, Ibn Alhaytham > Food Supplement",tags,img,,0,Dosage form,Attribute 1 value(s),1,1,Attribute 1 default,Dosage Strength,Attribute 2 value(s),1,1,Attribute 2 default
3038,simple,Be Smart,1,0,visible,Description,taxable,,1,0,0,1,1,"Ibn Alhaytham, Ibn Alhaytham > Food Supplement",tags,img,,0,Dosage form,Attribute 1 value(s),1,1,Attribute 1 default,Dosage Strength,Attribute 2 value(s),1,1,Attribute 2 default
3039,simple,BonaVit,1,0,visible,Description,taxable,,1,0,0,1,1,"Ibn Alhaytham, Ibn Alhaytham > Food Supplement",tags,img,,0,Dosage form,Attribute 1 value(s),1,1,Attribute 1 default,Dosage Strength,Attribute 2 value(s),1,1,Attribute 2 default
3040,simple,GreenTea Gum,1,0,visible,Description,taxable,,1,0,0,1,1,"Ibn Alhaytham, Ibn Alhaytham > Food Supplement",tags,img,,0,Dosage form,Attribute 1 value(s),1,1,Attribute 1 default,Dosage Strength,Attribute 2 value(s),1,1,Attribute 2 default
3041,simple,Gastrovit fawar,1,0,visible,Description,taxable,,1,0,0,1,1,"Ibn Alhaytham, Ibn Alhaytham > Gastrointestinal Drugs",tags,img,,0,Dosage form,Attribute 1 value(s),1,1,Attribute 1 default,Dosage Strength,Attribute 2 value(s),1,1,Attribute 2 default
3042,simple,L-Sulpiride 25,1,0,visible,Description,taxable,,1,0,0,1,1,"Ibn Alhaytham, Ibn Alhaytham > Gastrointestinal Drugs",tags,img,,0,Dosage form,Attribute 1 value(s),1,1,Attribute 1 default,Dosage Strength,Attribute 2 value(s),1,1,Attribute 2 default
3043,simple,Iron-Folic-Zinc,1,0,visible,Description,taxable,,1,0,0,1,1,"Ibn Alhaytham, Ibn Alhaytham > Iron Supplements",tags,img,,0,Dosage form,Attribute 1 value(s),1,1,Attribute 1 default,Dosage Strength,Attribute 2 value(s),1,1,Attribute 2 default
3044,simple,Orphacet,1,0,visible,Description,taxable,,1,0,0,1,1,"Ibn Alhaytham, Ibn Alhaytham > Muscle Relaxants",tags,img,,0,Dosage form,Attribute 1 value(s),1,1,Attribute 1 default,Dosage Strength,Attribute 2 value(s),1,1,Attribute 2 default
3045,simple,Tafirol flex,1,0,visible,Description,taxable,,1,0,0,1,1,"Ibn Alhaytham, Ibn Alhaytham > Muscle Relaxants",tags,img,,0,Dosage form,Attribute 1 value(s),1,1,Attribute 1 default,Dosage Strength,Attribute 2 value(s),1,1,Attribute 2 default
3046,simple,Otocain,1,0,visible,Description,taxable,,1,0,0,1,1,"Ibn Alhaytham, Ibn Alhaytham > Otic Drugs",tags,img,,0,Dosage form,Attribute 1 value(s),1,1,Attribute 1 default,Dosage Strength,Attribute 2 value(s),1,1,Attribute 2 default
3047,simple,Tamsulosin,1,0,visible,Description,taxable,,1,0,0,1,1,"Ibn Alhaytham, Ibn Alhaytham > prostate diseases",tags,img,,0,Dosage form,Attribute 1 value(s),1,1,Attribute 1 default,Dosage Strength,Attribute 2 value(s),1,1,Attribute 2 default
3048,simple,Azmixinal,1,0,visible,Description,taxable,,1,0,0,1,1,"Ibn Alhaytham, Ibn Alhaytham > Respiratory Tract Drugs",tags,img,,0,Dosage form,Attribute 1 value(s),1,1,Attribute 1 default,Dosage Strength,Attribute 2 value(s),1,1,Attribute 2 default
3049,simple,Brodimexine syrup,1,0,visible,Description,taxable,,1,0,0,1,1,"Ibn Alhaytham, Ibn Alhaytham > Respiratory Tract Drugs",tags,img,,0,Dosage form,Attribute 1 value(s),1,1,Attribute 1 default,Dosage Strength,Attribute 2 value(s),1,1,Attribute 2 default
3050,simple,Broncholysine,1,0,visible,Description,taxable,,1,0,0,1,1,"Ibn Alhaytham, Ibn Alhaytham > Respiratory Tract Drugs",tags,img,,0,Dosage form,Attribute 1 value(s),1,1,Attribute 1 default,Dosage Strength,Attribute 2 value(s),1,1,Attribute 2 default
3051,simple,formovent,1,0,visible,Description,taxable,,1,0,0,1,1,"Ibn Alhaytham, Ibn Alhaytham > Respiratory Tract Drugs",tags,img,,0,Dosage form,Attribute 1 value(s),1,1,Attribute 1 default,Dosage Strength,Attribute 2 value(s),1,1,Attribute 2 default
3052,variable,Arginine Ibn Al Haytham,1,0,visible,Description,taxable,,1,0,0,1,1,"Ibn Alhaytham, Ibn Alhaytham > Amino Acids, Vitamins and Minerals",tags,img,,0,Dosage form,Attribute 1 value(s),1,1,Attribute 1 default,Dosage Strength,Attribute 2 value(s),1,1,Attribute 2 default
3053,variation,Arginine Ibn Al Haytham,1,0,visible,Description,taxable,parent,1,0,0,1,1,"Ibn Alhaytham, Ibn Alhaytham > Amino Acids, Vitamins and Minerals",tags,img,3052,1,Dosage form,Attribute 1 value(s),,1,Attribute 1 default,Dosage Strength,Attribute 2 value(s),,1,Attribute 2 default
3054,variation,Arginine Ibn Al Haytham,1,0,visible,Description,taxable,parent,1,0,0,1,1,"Ibn Alhaytham, Ibn Alhaytham > Amino Acids, Vitamins and Minerals",tags,img,3052,2,Dosage form,Attribute 1 value(s),,1,Attribute 1 default,Dosage Strength,Attribute 2 value(s),,1,Attribute 2 default
3055,variation,Arginine Ibn Al Haytham,1,0,visible,Description,taxable,parent,1,0,0,1,1,"Ibn Alhaytham, Ibn Alhaytham > Amino Acids, Vitamins and Minerals",tags,img,3052,3,Dosage form,Attribute 1 value(s),,1,Attribute 1 default,Dosage Strength,Attribute 2 value(s),,1,Attribute 2 default
3056,variation,Arginine Ibn Al Haytham,1,0,visible,Description,taxable,parent,1,0,0,1,1,"Ibn Alhaytham, Ibn Alhaytham > Amino Acids, Vitamins and Minerals",tags,img,3052,4,Dosage form,Attribute 1 value(s),,1,Attribute 1 default,Dosage Strength,Attribute 2 value(s),,1,Attribute 2 default
3057,variable,Vita,1,0,visible,Description,taxable,,1,0,0,1,1,"Ibn Alhaytham, Ibn Alhaytham > Amino Acids, Vitamins and Minerals",tags,img,,0,Dosage form,Attribute 1 value(s),1,1,Attribute 1 default,Dosage Strength,Attribute 2 value(s),1,1,Attribute 2 default
3058,variation,Vita,1,0,visible,Description,taxable,parent,1,0,0,1,1,"Ibn Alhaytham, Ibn Alhaytham > Amino Acids, Vitamins and Minerals",tags,img,3057,1,Dosage form,Attribute 1 value(s),,1,Attribute 1 default,Dosage Strength,Attribute 2 value(s),,1,Attribute 2 default
3059,variation,Vita,1,0,visible,Description,taxable,parent,1,0,0,1,1,"Ibn Alhaytham, Ibn Alhaytham > Amino Acids, Vitamins and Minerals",tags,img,3057,2,Dosage form,Attribute 1 value(s),,1,Attribute 1 default,Dosage Strength,Attribute 2 value(s),,1,Attribute 2 default
3060,variation,Vita,1,0,visible,Description,taxable,parent,1,0,0,1,1,"Ibn Alhaytham, Ibn Alhaytham > Amino Acids, Vitamins and Minerals",tags,img,3057,3,Dosage form,Attribute 1 value(s),,1,Attribute 1 default,Dosage Strength,Attribute 2 value(s),,1,Attribute 2 default
3061,variable,Acnecid,1,0,visible,Description,taxable,,1,0,0,1,1,"Ibn Alhaytham, Ibn Alhaytham > Anti Acne",tags,img,,0,Dosage form,Attribute 1 value(s),1,1,Attribute 1 default,Dosage Strength,Attribute 2 value(s),1,1,Attribute 2 default
3062,variation,Acnecid,1,0,visible,Description,taxable,parent,1,0,0,1,1,"Ibn Alhaytham, Ibn Alhaytham > Anti Acne",tags,img,3061,1,Dosage form,Attribute 1 value(s),,1,Attribute 1 default,Dosage Strength,Attribute 2 value(s),,1,Attribute 2 default
3063,variation,Acnecid,1,0,visible,Description,taxable,parent,1,0,0,1,1,"Ibn Alhaytham, Ibn Alhaytham > Anti Acne",tags,img,3061,2,Dosage form,Attribute 1 value(s),,1,Attribute 1 default,Dosage Strength,Attribute 2 value(s),,1,Attribute 2 default
3064,variation,Acnecid,1,0,visible,Description,taxable,parent,1,0,0,1,1,"Ibn Alhaytham, Ibn Alhaytham > Anti Acne",tags,img,3061,3,Dosage form,Attribute 1 value(s),,1,Attribute 1 default,Dosage Strength,Attribute 2 value(s),,1,Attribute 2 default
3065,variation,Acnecid,1,0,visible,Description,taxable,parent,1,0,0,1,1,"Ibn Alhaytham, Ibn Alhaytham > Anti Acne",tags,img,3061,4,Dosage form,Attribute 1 value(s),,1,Attribute 1 default,Dosage Strength,Attribute 2 value(s),,1,Attribute 2 default
3066,variable,Diopiravin,1,0,visible,Description,taxable,,1,0,0,1,1,"Ibn Alhaytham, Ibn Alhaytham > Anti Platelets Aggregation Drugs",tags,img,,0,Dosage form,Attribute 1 value(s),1,1,Attribute 1 default,Dosage Strength,Attribute 2 value(s),1,1,Attribute 2 default
3067,variation,Diopiravin,1,0,visible,Description,taxable,parent,1,0,0,1,1,"Ibn Alhaytham, Ibn Alhaytham > Anti Platelets Aggregation Drugs",tags,img,3066,1,Dosage form,Attribute 1 value(s),,1,Attribute 1 default,Dosage Strength,Attribute 2 value(s),,1,Attribute 2 default
3068,variation,Diopiravin,1,0,visible,Description,taxable,parent,1,0,0,1,1,"Ibn Alhaytham, Ibn Alhaytham > Anti Platelets Aggregation Drugs",tags,img,3066,2,Dosage form,Attribute 1 value(s),,1,Attribute 1 default,Dosage Strength,Attribute 2 value(s),,1,Attribute 2 default
3069,variable,Prassuclear,1,0,visible,Description,taxable,,1,0,0,1,1,"Ibn Alhaytham, Ibn Alhaytham > Anti Platelets Aggregation Drugs",tags,img,,0,Dosage form,Attribute 1 value(s),1,1,Attribute 1 default,Dosage Strength,Attribute 2 value(s),1,1,Attribute 2 default
3070,variation,Prassuclear,1,0,visible,Description,taxable,parent,1,0,0,1,1,"Ibn Alhaytham, Ibn Alhaytham > Anti Platelets Aggregation Drugs",tags,img,3069,1,Dosage form,Attribute 1 value(s),,1,Attribute 1 default,Dosage Strength,Attribute 2 value(s),,1,Attribute 2 default
3071,variation,Prassuclear,1,0,visible,Description,taxable,parent,1,0,0,1,1,"Ibn Alhaytham, Ibn Alhaytham > Anti Platelets Aggregation Drugs",tags,img,3069,2,Dosage form,Attribute 1 value(s),,1,Attribute 1 default,Dosage Strength,Attribute 2 value(s),,1,Attribute 2 default
3072,variable,Azithromycin Ibn Al Haytham,1,0,visible,Description,taxable,,1,0,0,1,1,"Ibn Alhaytham, Ibn Alhaytham > Anti-infective Drugs - Antibacterial - Antiviral",tags,img,,0,Dosage form,Attribute 1 value(s),1,1,Attribute 1 default,Dosage Strength,Attribute 2 value(s),1,1,Attribute 2 default
3073,variation,Azithromycin Ibn Al Haytham,1,0,visible,Description,taxable,parent,1,0,0,1,1,"Ibn Alhaytham, Ibn Alhaytham > Anti-infective Drugs - Antibacterial - Antiviral",tags,img,3072,1,Dosage form,Attribute 1 value(s),,1,Attribute 1 default,Dosage Strength,Attribute 2 value(s),,1,Attribute 2 default
3074,variation,Azithromycin Ibn Al Haytham,1,0,visible,Description,taxable,parent,1,0,0,1,1,"Ibn Alhaytham, Ibn Alhaytham > Anti-infective Drugs - Antibacterial - Antiviral",tags,img,3072,2,Dosage form,Attribute 1 value(s),,1,Attribute 1 default,Dosage Strength,Attribute 2 value(s),,1,Attribute 2 default
3075,variation,Azithromycin Ibn Al Haytham,1,0,visible,Description,taxable,parent,1,0,0,1,1,"Ibn Alhaytham, Ibn Alhaytham > Anti-infective Drugs - Antibacterial - Antiviral",tags,img,3072,3,Dosage form,Attribute 1 value(s),,1,Attribute 1 default,Dosage Strength,Attribute 2 value(s),,1,Attribute 2 default
3076,variable,Ciprofloxacin,1,0,visible,Description,taxable,,1,0,0,1,1,"Ibn Alhaytham, Ibn Alhaytham > Anti-infective Drugs - Antibacterial - Antiviral",tags,img,,0,Dosage form,Attribute 1 value(s),1,1,Attribute 1 default,Dosage Strength,Attribute 2 value(s),1,1,Attribute 2 default
3077,variation,Ciprofloxacin,1,0,visible,Description,taxable,parent,1,0,0,1,1,"Ibn Alhaytham, Ibn Alhaytham > Anti-infective Drugs - Antibacterial - Antiviral",tags,img,3076,1,Dosage form,Attribute 1 value(s),,1,Attribute 1 default,Dosage Strength,Attribute 2 value(s),,1,Attribute 2 default
3078,variation,Ciprofloxacin,1,0,visible,Description,taxable,parent,1,0,0,1,1,"Ibn Alhaytham, Ibn Alhaytham > Anti-infective Drugs - Antibacterial - Antiviral",tags,img,3076,2,Dosage form,Attribute 1 value(s),,1,Attribute 1 default,Dosage Strength,Attribute 2 value(s),,1,Attribute 2 default
3079,variation,Ciprofloxacin,1,0,visible,Description,taxable,parent,1,0,0,1,1,"Ibn Alhaytham, Ibn Alhaytham > Anti-infective Drugs - Antibacterial - Antiviral",tags,img,3076,3,Dosage form,Attribute 1 value(s),,1,Attribute 1 default,Dosage Strength,Attribute 2 value(s),,1,Attribute 2 default
3080,variable,Fosfomycin,1,0,visible,Description,taxable,,1,0,0,1,1,"Ibn Alhaytham, Ibn Alhaytham > Anti-infective Drugs - Antibacterial - Antiviral",tags,img,,0,Dosage form,Attribute 1 value(s),1,1,Attribute 1 default,Dosage Strength,Attribute 2 value(s),1,1,Attribute 2 default
3081,variation,Fosfomycin,1,0,visible,Description,taxable,parent,1,0,0,1,1,"Ibn Alhaytham, Ibn Alhaytham > Anti-infective Drugs - Antibacterial - Antiviral",tags,img,3080,1,Dosage form,Attribute 1 value(s),,1,Attribute 1 default,Dosage Strength,Attribute 2 value(s),,1,Attribute 2 default
3082,variation,Fosfomycin,1,0,visible,Description,taxable,parent,1,0,0,1,1,"Ibn Alhaytham, Ibn Alhaytham > Anti-infective Drugs - Antibacterial - Antiviral",tags,img,3080,2,Dosage form,Attribute 1 value(s),,1,Attribute 1 default,Dosage Strength,Attribute 2 value(s),,1,Attribute 2 default
3083,variable,Xifarym,1,0,visible,Description,taxable,,1,0,0,1,1,"Ibn Alhaytham, Ibn Alhaytham > Anti-infective Drugs - Antibacterial - Antiviral",tags,img,,0,Dosage form,Attribute 1 value(s),1,1,Attribute 1 default,Dosage Strength,Attribute 2 value(s),1,1,Attribute 2 default
3084,variation,Xifarym,1,0,visible,Description,taxable,parent,1,0,0,1,1,"Ibn Alhaytham, Ibn Alhaytham > Anti-infective Drugs - Antibacterial - Antiviral",tags,img,3083,1,Dosage form,Attribute 1 value(s),,1,Attribute 1 default,Dosage Strength,Attribute 2 value(s),,1,Attribute 2 default
3085,variation,Xifarym,1,0,visible,Description,taxable,parent,1,0,0,1,1,"Ibn Alhaytham, Ibn Alhaytham > Anti-infective Drugs - Antibacterial - Antiviral",tags,img,3083,2,Dosage form,Attribute 1 value(s),,1,Attribute 1 default,Dosage Strength,Attribute 2 value(s),,1,Attribute 2 default
3086,variable,Lactisyr,1,0,visible,Description,taxable,,1,0,0,1,1,"Ibn Alhaytham, Ibn Alhaytham > Anti-infective Drugs - Antifungal",tags,img,,0,Dosage form,Attribute 1 value(s),1,1,Attribute 1 default,Dosage Strength,Attribute 2 value(s),1,1,Attribute 2 default
3087,variation,Lactisyr,1,0,visible,Description,taxable,parent,1,0,0,1,1,"Ibn Alhaytham, Ibn Alhaytham > Anti-infective Drugs - Antifungal",tags,img,3086,1,Dosage form,Attribute 1 value(s),,1,Attribute 1 default,Dosage Strength,Attribute 2 value(s),,1,Attribute 2 default
3088,variation,Lactisyr,1,0,visible,Description,taxable,parent,1,0,0,1,1,"Ibn Alhaytham, Ibn Alhaytham > Anti-infective Drugs - Antifungal",tags,img,3086,2,Dosage form,Attribute 1 value(s),,1,Attribute 1 default,Dosage Strength,Attribute 2 value(s),,1,Attribute 2 default
3089,variable,Micostop,1,0,visible,Description,taxable,,1,0,0,1,1,"Ibn Alhaytham, Ibn Alhaytham > Anti-infective Drugs - Antifungal",tags,img,,0,Dosage form,Attribute 1 value(s),1,1,Attribute 1 default,Dosage Strength,Attribute 2 value(s),1,1,Attribute 2 default
3090,variation,Micostop,1,0,visible,Description,taxable,parent,1,0,0,1,1,"Ibn Alhaytham, Ibn Alhaytham > Anti-infective Drugs - Antifungal",tags,img,3089,1,Dosage form,Attribute 1 value(s),,1,Attribute 1 default,Dosage Strength,Attribute 2 value(s),,1,Attribute 2 default
3091,variation,Micostop,1,0,visible,Description,taxable,parent,1,0,0,1,1,"Ibn Alhaytham, Ibn Alhaytham > Anti-infective Drugs - Antifungal",tags,img,3089,2,Dosage form,Attribute 1 value(s),,1,Attribute 1 default,Dosage Strength,Attribute 2 value(s),,1,Attribute 2 default
3092,variation,Micostop,1,0,visible,Description,taxable,parent,1,0,0,1,1,"Ibn Alhaytham, Ibn Alhaytham > Anti-infective Drugs - Antifungal",tags,img,3089,3,Dosage form,Attribute 1 value(s),,1,Attribute 1 default,Dosage Strength,Attribute 2 value(s),,1,Attribute 2 default
3093,variation,Micostop,1,0,visible,Description,taxable,parent,1,0,0,1,1,"Ibn Alhaytham, Ibn Alhaytham > Anti-infective Drugs - Antifungal",tags,img,3089,4,Dosage form,Attribute 1 value(s),,1,Attribute 1 default,Dosage Strength,Attribute 2 value(s),,1,Attribute 2 default
3094,variation,Micostop,1,0,visible,Description,taxable,parent,1,0,0,1,1,"Ibn Alhaytham, Ibn Alhaytham > Anti-infective Drugs - Antifungal",tags,img,3089,5,Dosage form,Attribute 1 value(s),,1,Attribute 1 default,Dosage Strength,Attribute 2 value(s),,1,Attribute 2 default
3095,variation,Micostop,1,0,visible,Description,taxable,parent,1,0,0,1,1,"Ibn Alhaytham, Ibn Alhaytham > Anti-infective Drugs - Antifungal",tags,img,3089,6,Dosage form,Attribute 1 value(s),,1,Attribute 1 default,Dosage Strength,Attribute 2 value(s),,1,Attribute 2 default
3096,variable,Naftine,1,0,visible,Description,taxable,,1,0,0,1,1,"Ibn Alhaytham, Ibn Alhaytham > Anti-infective Drugs - Antifungal",tags,img,,0,Dosage form,Attribute 1 value(s),1,1,Attribute 1 default,Dosage Strength,Attribute 2 value(s),1,1,Attribute 2 default
3097,variation,Naftine,1,0,visible,Description,taxable,parent,1,0,0,1,1,"Ibn Alhaytham, Ibn Alhaytham > Anti-infective Drugs - Antifungal",tags,img,3096,1,Dosage form,Attribute 1 value(s),,1,Attribute 1 default,Dosage Strength,Attribute 2 value(s),,1,Attribute 2 default
3098,variation,Naftine,1,0,visible,Description,taxable,parent,1,0,0,1,1,"Ibn Alhaytham, Ibn Alhaytham > Anti-infective Drugs - Antifungal",tags,img,3096,2,Dosage form,Attribute 1 value(s),,1,Attribute 1 default,Dosage Strength,Attribute 2 value(s),,1,Attribute 2 default
3099,variable,Artrofen,1,0,visible,Description,taxable,,1,0,0,1,1,"Ibn Alhaytham, Ibn Alhaytham > Anti-inflammatory Drugs - Analgesics - Antipyretic",tags,img,,0,Dosage form,Attribute 1 value(s),1,1,Attribute 1 default,Dosage Strength,Attribute 2 value(s),1,1,Attribute 2 default
3100,variation,Artrofen,1,0,visible,Description,taxable,parent,1,0,0,1,1,"Ibn Alhaytham, Ibn Alhaytham > Anti-inflammatory Drugs - Analgesics - Antipyretic",tags,img,3099,1,Dosage form,Attribute 1 value(s),,1,Attribute 1 default,Dosage Strength,Attribute 2 value(s),,1,Attribute 2 default
3101,variation,Artrofen,1,0,visible,Description,taxable,parent,1,0,0,1,1,"Ibn Alhaytham, Ibn Alhaytham > Anti-inflammatory Drugs - Analgesics - Antipyretic",tags,img,3099,2,Dosage form,Attribute 1 value(s),,1,Attribute 1 default,Dosage Strength,Attribute 2 value(s),,1,Attribute 2 default
3102,variation,Artrofen,1,0,visible,Description,taxable,parent,1,0,0,1,1,"Ibn Alhaytham, Ibn Alhaytham > Anti-inflammatory Drugs - Analgesics - Antipyretic",tags,img,3099,3,Dosage form,Attribute 1 value(s),,1,Attribute 1 default,Dosage Strength,Attribute 2 value(s),,1,Attribute 2 default
3103,variation,Artrofen,1,0,visible,Description,taxable,parent,1,0,0,1,1,"Ibn Alhaytham, Ibn Alhaytham > Anti-inflammatory Drugs - Analgesics - Antipyretic",tags,img,3099,4,Dosage form,Attribute 1 value(s),,1,Attribute 1 default,Dosage Strength,Attribute 2 value(s),,1,Attribute 2 default
3104,variable,Coxibet,1,0,visible,Description,taxable,,1,0,0,1,1,"Ibn Alhaytham, Ibn Alhaytham > Anti-inflammatory Drugs - Analgesics - Antipyretic",tags,img,,0,Dosage form,Attribute 1 value(s),1,1,Attribute 1 default,Dosage Strength,Attribute 2 value(s),1,1,Attribute 2 default
3105,variation,Coxibet,1,0,visible,Description,taxable,parent,1,0,0,1,1,"Ibn Alhaytham, Ibn Alhaytham > Anti-inflammatory Drugs - Analgesics - Antipyretic",tags,img,3104,1,Dosage form,Attribute 1 value(s),,1,Attribute 1 default,Dosage Strength,Attribute 2 value(s),,1,Attribute 2 default
3106,variation,Coxibet,1,0,visible,Description,taxable,parent,1,0,0,1,1,"Ibn Alhaytham, Ibn Alhaytham > Anti-inflammatory Drugs - Analgesics - Antipyretic",tags,img,3104,2,Dosage form,Attribute 1 value(s),,1,Attribute 1 default,Dosage Strength,Attribute 2 value(s),,1,Attribute 2 default
3107,variation,Coxibet,1,0,visible,Description,taxable,parent,1,0,0,1,1,"Ibn Alhaytham, Ibn Alhaytham > Anti-inflammatory Drugs - Analgesics - Antipyretic",tags,img,3104,3,Dosage form,Attribute 1 value(s),,1,Attribute 1 default,Dosage Strength,Attribute 2 value(s),,1,Attribute 2 default
3108,variation,Coxibet,1,0,visible,Description,taxable,parent,1,0,0,1,1,"Ibn Alhaytham, Ibn Alhaytham > Anti-inflammatory Drugs - Analgesics - Antipyretic",tags,img,3104,4,Dosage form,Attribute 1 value(s),,1,Attribute 1 default,Dosage Strength,Attribute 2 value(s),,1,Attribute 2 default
3109,variable,Lornomax,1,0,visible,Description,taxable,,1,0,0,1,1,"Ibn Alhaytham, Ibn Alhaytham > Anti-inflammatory Drugs - Analgesics - Antipyretic",tags,img,,0,Dosage form,Attribute 1 value(s),1,1,Attribute 1 default,Dosage Strength,Attribute 2 value(s),1,1,Attribute 2 default
3110,variation,Lornomax,1,0,visible,Description,taxable,parent,1,0,0,1,1,"Ibn Alhaytham, Ibn Alhaytham > Anti-inflammatory Drugs - Analgesics - Antipyretic",tags,img,3109,1,Dosage form,Attribute 1 value(s),,1,Attribute 1 default,Dosage Strength,Attribute 2 value(s),,1,Attribute 2 default
3111,variation,Lornomax,1,0,visible,Description,taxable,parent,1,0,0,1,1,"Ibn Alhaytham, Ibn Alhaytham > Anti-inflammatory Drugs - Analgesics - Antipyretic",tags,img,3109,2,Dosage form,Attribute 1 value(s),,1,Attribute 1 default,Dosage Strength,Attribute 2 value(s),,1,Attribute 2 default
3112,variable,Nimesulide,1,0,visible,Description,taxable,,1,0,0,1,1,"Ibn Alhaytham, Ibn Alhaytham > Anti-inflammatory Drugs - Analgesics - Antipyretic",tags,img,,0,Dosage form,Attribute 1 value(s),1,1,Attribute 1 default,Dosage Strength,Attribute 2 value(s),1,1,Attribute 2 default
3113,variation,Nimesulide,1,0,visible,Description,taxable,parent,1,0,0,1,1,"Ibn Alhaytham, Ibn Alhaytham > Anti-inflammatory Drugs - Analgesics - Antipyretic",tags,img,3112,1,Dosage form,Attribute 1 value(s),,1,Attribute 1 default,Dosage Strength,Attribute 2 value(s),,1,Attribute 2 default
3114,variation,Nimesulide,1,0,visible,Description,taxable,parent,1,0,0,1,1,"Ibn Alhaytham, Ibn Alhaytham > Anti-inflammatory Drugs - Analgesics - Antipyretic",tags,img,3112,2,Dosage form,Attribute 1 value(s),,1,Attribute 1 default,Dosage Strength,Attribute 2 value(s),,1,Attribute 2 default
3115,variation,Nimesulide,1,0,visible,Description,taxable,parent,1,0,0,1,1,"Ibn Alhaytham, Ibn Alhaytham > Anti-inflammatory Drugs - Analgesics - Antipyretic",tags,img,3112,3,Dosage form,Attribute 1 value(s),,1,Attribute 1 default,Dosage Strength,Attribute 2 value(s),,1,Attribute 2 default
3116,variation,Nimesulide,1,0,visible,Description,taxable,parent,1,0,0,1,1,"Ibn Alhaytham, Ibn Alhaytham > Anti-inflammatory Drugs - Analgesics - Antipyretic",tags,img,3112,4,Dosage form,Attribute 1 value(s),,1,Attribute 1 default,Dosage Strength,Attribute 2 value(s),,1,Attribute 2 default
3117,variable,Oxydol,1,0,visible,Description,taxable,,1,0,0,1,1,"Ibn Alhaytham, Ibn Alhaytham > Anti-inflammatory Drugs - Analgesics - Antipyretic",tags,img,,0,Dosage form,Attribute 1 value(s),1,1,Attribute 1 default,Dosage Strength,Attribute 2 value(s),1,1,Attribute 2 default
3118,variation,Oxydol,1,0,visible,Description,taxable,parent,1,0,0,1,1,"Ibn Alhaytham, Ibn Alhaytham > Anti-inflammatory Drugs - Analgesics - Antipyretic",tags,img,3117,1,Dosage form,Attribute 1 value(s),,1,Attribute 1 default,Dosage Strength,Attribute 2 value(s),,1,Attribute 2 default
3119,variation,Oxydol,1,0,visible,Description,taxable,parent,1,0,0,1,1,"Ibn Alhaytham, Ibn Alhaytham > Anti-inflammatory Drugs - Analgesics - Antipyretic",tags,img,3117,2,Dosage form,Attribute 1 value(s),,1,Attribute 1 default,Dosage Strength,Attribute 2 value(s),,1,Attribute 2 default
3120,variation,Oxydol,1,0,visible,Description,taxable,parent,1,0,0,1,1,"Ibn Alhaytham, Ibn Alhaytham > Anti-inflammatory Drugs - Analgesics - Antipyretic",tags,img,3117,3,Dosage form,Attribute 1 value(s),,1,Attribute 1 default,Dosage Strength,Attribute 2 value(s),,1,Attribute 2 default
3121,variation,Oxydol,1,0,visible,Description,taxable,parent,1,0,0,1,1,"Ibn Alhaytham, Ibn Alhaytham > Anti-inflammatory Drugs - Analgesics - Antipyretic",tags,img,3117,4,Dosage form,Attribute 1 value(s),,1,Attribute 1 default,Dosage Strength,Attribute 2 value(s),,1,Attribute 2 default
3122,variable,Voltastar K,1,0,visible,Description,taxable,,1,0,0,1,1,"Ibn Alhaytham, Ibn Alhaytham > Anti-inflammatory Drugs - Analgesics - Antipyretic",tags,img,,0,Dosage form,Attribute 1 value(s),1,1,Attribute 1 default,Dosage Strength,Attribute 2 value(s),1,1,Attribute 2 default
3123,variation,Voltastar K,1,0,visible,Description,taxable,parent,1,0,0,1,1,"Ibn Alhaytham, Ibn Alhaytham > Anti-inflammatory Drugs - Analgesics - Antipyretic",tags,img,3122,1,Dosage form,Attribute 1 value(s),,1,Attribute 1 default,Dosage Strength,Attribute 2 value(s),,1,Attribute 2 default
3124,variation,Voltastar K,1,0,visible,Description,taxable,parent,1,0,0,1,1,"Ibn Alhaytham, Ibn Alhaytham > Anti-inflammatory Drugs - Analgesics - Antipyretic",tags,img,3122,2,Dosage form,Attribute 1 value(s),,1,Attribute 1 default,Dosage Strength,Attribute 2 value(s),,1,Attribute 2 default
3125,variable,Fexofenadine,1,0,visible,Description,taxable,,1,0,0,1,1,"Ibn Alhaytham, Ibn Alhaytham > Antiallergics",tags,img,,0,Dosage form,Attribute 1 value(s),1,1,Attribute 1 default,Dosage Strength,Attribute 2 value(s),1,1,Attribute 2 default
3126,variation,Fexofenadine,1,0,visible,Description,taxable,parent,1,0,0,1,1,"Ibn Alhaytham, Ibn Alhaytham > Antiallergics",tags,img,3125,1,Dosage form,Attribute 1 value(s),,1,Attribute 1 default,Dosage Strength,Attribute 2 value(s),,1,Attribute 2 default
3127,variation,Fexofenadine,1,0,visible,Description,taxable,parent,1,0,0,1,1,"Ibn Alhaytham, Ibn Alhaytham > Antiallergics",tags,img,3125,2,Dosage form,Attribute 1 value(s),,1,Attribute 1 default,Dosage Strength,Attribute 2 value(s),,1,Attribute 2 default
3128,variation,Fexofenadine,1,0,visible,Description,taxable,parent,1,0,0,1,1,"Ibn Alhaytham, Ibn Alhaytham > Antiallergics",tags,img,3125,3,Dosage form,Attribute 1 value(s),,1,Attribute 1 default,Dosage Strength,Attribute 2 value(s),,1,Attribute 2 default
3129,variable,Levo Histamine,1,0,visible,Description,taxable,,1,0,0,1,1,"Ibn Alhaytham, Ibn Alhaytham > Antiallergics",tags,img,,0,Dosage form,Attribute 1 value(s),1,1,Attribute 1 default,Dosage Strength,Attribute 2 value(s),1,1,Attribute 2 default
3130,variation,Levo Histamine,1,0,visible,Description,taxable,parent,1,0,0,1,1,"Ibn Alhaytham, Ibn Alhaytham > Antiallergics",tags,img,3129,1,Dosage form,Attribute 1 value(s),,1,Attribute 1 default,Dosage Strength,Attribute 2 value(s),,1,Attribute 2 default
3131,variation,Levo Histamine,1,0,visible,Description,taxable,parent,1,0,0,1,1,"Ibn Alhaytham, Ibn Alhaytham > Antiallergics",tags,img,3129,2,Dosage form,Attribute 1 value(s),,1,Attribute 1 default,Dosage Strength,Attribute 2 value(s),,1,Attribute 2 default
3132,variable,Anxitin,1,0,visible,Description,taxable,,1,0,0,1,1,"Ibn Alhaytham, Ibn Alhaytham > Antidepressants",tags,img,,0,Dosage form,Attribute 1 value(s),1,1,Attribute 1 default,Dosage Strength,Attribute 2 value(s),1,1,Attribute 2 default
3133,variation,Anxitin,1,0,visible,Description,taxable,parent,1,0,0,1,1,"Ibn Alhaytham, Ibn Alhaytham > Antidepressants",tags,img,3132,1,Dosage form,Attribute 1 value(s),,1,Attribute 1 default,Dosage Strength,Attribute 2 value(s),,1,Attribute 2 default
3134,variation,Anxitin,1,0,visible,Description,taxable,parent,1,0,0,1,1,"Ibn Alhaytham, Ibn Alhaytham > Antidepressants",tags,img,3132,2,Dosage form,Attribute 1 value(s),,1,Attribute 1 default,Dosage Strength,Attribute 2 value(s),,1,Attribute 2 default
3135,variation,Anxitin,1,0,visible,Description,taxable,parent,1,0,0,1,1,"Ibn Alhaytham, Ibn Alhaytham > Antidepressants",tags,img,3132,3,Dosage form,Attribute 1 value(s),,1,Attribute 1 default,Dosage Strength,Attribute 2 value(s),,1,Attribute 2 default
3136,variable,Depretin,1,0,visible,Description,taxable,,1,0,0,1,1,"Ibn Alhaytham, Ibn Alhaytham > Antidepressants",tags,img,,0,Dosage form,Attribute 1 value(s),1,1,Attribute 1 default,Dosage Strength,Attribute 2 value(s),1,1,Attribute 2 default
3137,variation,Depretin,1,0,visible,Description,taxable,parent,1,0,0,1,1,"Ibn Alhaytham, Ibn Alhaytham > Antidepressants",tags,img,3136,1,Dosage form,Attribute 1 value(s),,1,Attribute 1 default,Dosage Strength,Attribute 2 value(s),,1,Attribute 2 default
3138,variation,Depretin,1,0,visible,Description,taxable,parent,1,0,0,1,1,"Ibn Alhaytham, Ibn Alhaytham > Antidepressants",tags,img,3136,2,Dosage form,Attribute 1 value(s),,1,Attribute 1 default,Dosage Strength,Attribute 2 value(s),,1,Attribute 2 default
3139,variation,Depretin,1,0,visible,Description,taxable,parent,1,0,0,1,1,"Ibn Alhaytham, Ibn Alhaytham > Antidepressants",tags,img,3136,3,Dosage form,Attribute 1 value(s),,1,Attribute 1 default,Dosage Strength,Attribute 2 value(s),,1,Attribute 2 default
3140,variable,Harmonex,1,0,visible,Description,taxable,,1,0,0,1,1,"Ibn Alhaytham, Ibn Alhaytham > Antidepressants",tags,img,,0,Dosage form,Attribute 1 value(s),1,1,Attribute 1 default,Dosage Strength,Attribute 2 value(s),1,1,Attribute 2 default
3141,variation,Harmonex,1,0,visible,Description,taxable,parent,1,0,0,1,1,"Ibn Alhaytham, Ibn Alhaytham > Antidepressants",tags,img,3140,1,Dosage form,Attribute 1 value(s),,1,Attribute 1 default,Dosage Strength,Attribute 2 value(s),,1,Attribute 2 default
3142,variation,Harmonex,1,0,visible,Description,taxable,parent,1,0,0,1,1,"Ibn Alhaytham, Ibn Alhaytham > Antidepressants",tags,img,3140,2,Dosage form,Attribute 1 value(s),,1,Attribute 1 default,Dosage Strength,Attribute 2 value(s),,1,Attribute 2 default
3143,variation,Harmonex,1,0,visible,Description,taxable,parent,1,0,0,1,1,"Ibn Alhaytham, Ibn Alhaytham > Antidepressants",tags,img,3140,3,Dosage form,Attribute 1 value(s),,1,Attribute 1 default,Dosage Strength,Attribute 2 value(s),,1,Attribute 2 default
3144,variation,Harmonex,1,0,visible,Description,taxable,parent,1,0,0,1,1,"Ibn Alhaytham, Ibn Alhaytham > Antidepressants",tags,img,3140,4,Dosage form,Attribute 1 value(s),,1,Attribute 1 default,Dosage Strength,Attribute 2 value(s),,1,Attribute 2 default
3145,variable,Harmostar,1,0,visible,Description,taxable,,1,0,0,1,1,"Ibn Alhaytham, Ibn Alhaytham > Antidepressants",tags,img,,0,Dosage form,Attribute 1 value(s),1,1,Attribute 1 default,Dosage Strength,Attribute 2 value(s),1,1,Attribute 2 default
3146,variation,Harmostar,1,0,visible,Description,taxable,parent,1,0,0,1,1,"Ibn Alhaytham, Ibn Alhaytham > Antidepressants",tags,img,3145,1,Dosage form,Attribute 1 value(s),,1,Attribute 1 default,Dosage Strength,Attribute 2 value(s),,1,Attribute 2 default
3147,variation,Harmostar,1,0,visible,Description,taxable,parent,1,0,0,1,1,"Ibn Alhaytham, Ibn Alhaytham > Antidepressants",tags,img,3145,2,Dosage form,Attribute 1 value(s),,1,Attribute 1 default,Dosage Strength,Attribute 2 value(s),,1,Attribute 2 default
3148,variation,Harmostar,1,0,visible,Description,taxable,parent,1,0,0,1,1,"Ibn Alhaytham, Ibn Alhaytham > Antidepressants",tags,img,3145,3,Dosage form,Attribute 1 value(s),,1,Attribute 1 default,Dosage Strength,Attribute 2 value(s),,1,Attribute 2 default
3149,variation,Harmostar,1,0,visible,Description,taxable,parent,1,0,0,1,1,"Ibn Alhaytham, Ibn Alhaytham > Antidepressants",tags,img,3145,4,Dosage form,Attribute 1 value(s),,1,Attribute 1 default,Dosage Strength,Attribute 2 value(s),,1,Attribute 2 default
3150,variable,Mirtapin,1,0,visible,Description,taxable,,1,0,0,1,1,"Ibn Alhaytham, Ibn Alhaytham > Antidepressants",tags,img,,0,Dosage form,Attribute 1 value(s),1,1,Attribute 1 default,Dosage Strength,Attribute 2 value(s),1,1,Attribute 2 default
3151,variation,Mirtapin,1,0,visible,Description,taxable,parent,1,0,0,1,1,"Ibn Alhaytham, Ibn Alhaytham > Antidepressants",tags,img,3150,1,Dosage form,Attribute 1 value(s),,1,Attribute 1 default,Dosage Strength,Attribute 2 value(s),,1,Attribute 2 default
3152,variation,Mirtapin,1,0,visible,Description,taxable,parent,1,0,0,1,1,"Ibn Alhaytham, Ibn Alhaytham > Antidepressants",tags,img,3150,2,Dosage form,Attribute 1 value(s),,1,Attribute 1 default,Dosage Strength,Attribute 2 value(s),,1,Attribute 2 default
3153,variable,Actaglim,1,0,visible,Description,taxable,,1,0,0,1,1,"Ibn Alhaytham, Ibn Alhaytham > Antidiabetics",tags,img,,0,Dosage form,Attribute 1 value(s),1,1,Attribute 1 default,Dosage Strength,Attribute 2 value(s),1,1,Attribute 2 default
3154,variation,Actaglim,1,0,visible,Description,taxable,parent,1,0,0,1,1,"Ibn Alhaytham, Ibn Alhaytham > Antidiabetics",tags,img,3153,1,Dosage form,Attribute 1 value(s),,1,Attribute 1 default,Dosage Strength,Attribute 2 value(s),,1,Attribute 2 default
3155,variation,Actaglim,1,0,visible,Description,taxable,parent,1,0,0,1,1,"Ibn Alhaytham, Ibn Alhaytham > Antidiabetics",tags,img,3153,2,Dosage form,Attribute 1 value(s),,1,Attribute 1 default,Dosage Strength,Attribute 2 value(s),,1,Attribute 2 default
3156,variation,Actaglim,1,0,visible,Description,taxable,parent,1,0,0,1,1,"Ibn Alhaytham, Ibn Alhaytham > Antidiabetics",tags,img,3153,3,Dosage form,Attribute 1 value(s),,1,Attribute 1 default,Dosage Strength,Attribute 2 value(s),,1,Attribute 2 default
3157,variable,Diabeset,1,0,visible,Description,taxable,,1,0,0,1,1,"Ibn Alhaytham, Ibn Alhaytham > Antidiabetics",tags,img,,0,Dosage form,Attribute 1 value(s),1,1,Attribute 1 default,Dosage Strength,Attribute 2 value(s),1,1,Attribute 2 default
3158,variation,Diabeset,1,0,visible,Description,taxable,parent,1,0,0,1,1,"Ibn Alhaytham, Ibn Alhaytham > Antidiabetics",tags,img,3157,1,Dosage form,Attribute 1 value(s),,1,Attribute 1 default,Dosage Strength,Attribute 2 value(s),,1,Attribute 2 default
3159,variation,Diabeset,1,0,visible,Description,taxable,parent,1,0,0,1,1,"Ibn Alhaytham, Ibn Alhaytham > Antidiabetics",tags,img,3157,2,Dosage form,Attribute 1 value(s),,1,Attribute 1 default,Dosage Strength,Attribute 2 value(s),,1,Attribute 2 default
3160,variable,Sitacretin,1,0,visible,Description,taxable,,1,0,0,1,1,"Ibn Alhaytham, Ibn Alhaytham > Antidiabetics",tags,img,,0,Dosage form,Attribute 1 value(s),1,1,Attribute 1 default,Dosage Strength,Attribute 2 value(s),1,1,Attribute 2 default
3161,variation,Sitacretin,1,0,visible,Description,taxable,parent,1,0,0,1,1,"Ibn Alhaytham, Ibn Alhaytham > Antidiabetics",tags,img,3160,1,Dosage form,Attribute 1 value(s),,1,Attribute 1 default,Dosage Strength,Attribute 2 value(s),,1,Attribute 2 default
3162,variation,Sitacretin,1,0,visible,Description,taxable,parent,1,0,0,1,1,"Ibn Alhaytham, Ibn Alhaytham > Antidiabetics",tags,img,3160,2,Dosage form,Attribute 1 value(s),,1,Attribute 1 default,Dosage Strength,Attribute 2 value(s),,1,Attribute 2 default
3163,variation,Sitacretin,1,0,visible,Description,taxable,parent,1,0,0,1,1,"Ibn Alhaytham, Ibn Alhaytham > Antidiabetics",tags,img,3160,3,Dosage form,Attribute 1 value(s),,1,Attribute 1 default,Dosage Strength,Attribute 2 value(s),,1,Attribute 2 default
3164,variable,Sitacretin Plus,1,0,visible,Description,taxable,,1,0,0,1,1,"Ibn Alhaytham, Ibn Alhaytham > Antidiabetics",tags,img,,0,Dosage form,Attribute 1 value(s),1,1,Attribute 1 default,Dosage Strength,Attribute 2 value(s),1,1,Attribute 2 default
3165,variation,Sitacretin Plus,1,0,visible,Description,taxable,parent,1,0,0,1,1,"Ibn Alhaytham, Ibn Alhaytham > Antidiabetics",tags,img,3164,1,Dosage form,Attribute 1 value(s),,1,Attribute 1 default,Dosage Strength,Attribute 2 value(s),,1,Attribute 2 default
3166,variation,Sitacretin Plus,1,0,visible,Description,taxable,parent,1,0,0,1,1,"Ibn Alhaytham, Ibn Alhaytham > Antidiabetics",tags,img,3164,2,Dosage form,Attribute 1 value(s),,1,Attribute 1 default,Dosage Strength,Attribute 2 value(s),,1,Attribute 2 default
3167,variation,Sitacretin Plus,1,0,visible,Description,taxable,parent,1,0,0,1,1,"Ibn Alhaytham, Ibn Alhaytham > Antidiabetics",tags,img,3164,3,Dosage form,Attribute 1 value(s),,1,Attribute 1 default,Dosage Strength,Attribute 2 value(s),,1,Attribute 2 default
3168,variable,Lamic,1,0,visible,Description,taxable,,1,0,0,1,1,"Ibn Alhaytham, Ibn Alhaytham > Antiepileptics",tags,img,,0,Dosage form,Attribute 1 value(s),1,1,Attribute 1 default,Dosage Strength,Attribute 2 value(s),1,1,Attribute 2 default
3169,variation,Lamic,1,0,visible,Description,taxable,parent,1,0,0,1,1,"Ibn Alhaytham, Ibn Alhaytham > Antiepileptics",tags,img,3168,1,Dosage form,Attribute 1 value(s),,1,Attribute 1 default,Dosage Strength,Attribute 2 value(s),,1,Attribute 2 default
3170,variation,Lamic,1,0,visible,Description,taxable,parent,1,0,0,1,1,"Ibn Alhaytham, Ibn Alhaytham > Antiepileptics",tags,img,3168,2,Dosage form,Attribute 1 value(s),,1,Attribute 1 default,Dosage Strength,Attribute 2 value(s),,1,Attribute 2 default
3171,variation,Lamic,1,0,visible,Description,taxable,parent,1,0,0,1,1,"Ibn Alhaytham, Ibn Alhaytham > Antiepileptics",tags,img,3168,3,Dosage form,Attribute 1 value(s),,1,Attribute 1 default,Dosage Strength,Attribute 2 value(s),,1,Attribute 2 default
3172,variation,Lamic,1,0,visible,Description,taxable,parent,1,0,0,1,1,"Ibn Alhaytham, Ibn Alhaytham > Antiepileptics",tags,img,3168,4,Dosage form,Attribute 1 value(s),,1,Attribute 1 default,Dosage Strength,Attribute 2 value(s),,1,Attribute 2 default
3173,variable,Leveramax,1,0,visible,Description,taxable,,1,0,0,1,1,"Ibn Alhaytham, Ibn Alhaytham > Antiepileptics",tags,img,,0,Dosage form,Attribute 1 value(s),1,1,Attribute 1 default,Dosage Strength,Attribute 2 value(s),1,1,Attribute 2 default
3174,variation,Leveramax,1,0,visible,Description,taxable,parent,1,0,0,1,1,"Ibn Alhaytham, Ibn Alhaytham > Antiepileptics",tags,img,3173,1,Dosage form,Attribute 1 value(s),,1,Attribute 1 default,Dosage Strength,Attribute 2 value(s),,1,Attribute 2 default
3175,variation,Leveramax,1,0,visible,Description,taxable,parent,1,0,0,1,1,"Ibn Alhaytham, Ibn Alhaytham > Antiepileptics",tags,img,3173,2,Dosage form,Attribute 1 value(s),,1,Attribute 1 default,Dosage Strength,Attribute 2 value(s),,1,Attribute 2 default
3176,variation,Leveramax,1,0,visible,Description,taxable,parent,1,0,0,1,1,"Ibn Alhaytham, Ibn Alhaytham > Antiepileptics",tags,img,3173,3,Dosage form,Attribute 1 value(s),,1,Attribute 1 default,Dosage Strength,Attribute 2 value(s),,1,Attribute 2 default
3177,variation,Leveramax,1,0,visible,Description,taxable,parent,1,0,0,1,1,"Ibn Alhaytham, Ibn Alhaytham > Antiepileptics",tags,img,3173,4,Dosage form,Attribute 1 value(s),,1,Attribute 1 default,Dosage Strength,Attribute 2 value(s),,1,Attribute 2 default
3178,variable,ProQitara,1,0,visible,Description,taxable,,1,0,0,1,1,"Ibn Alhaytham, Ibn Alhaytham > Antiepileptics",tags,img,,0,Dosage form,Attribute 1 value(s),1,1,Attribute 1 default,Dosage Strength,Attribute 2 value(s),1,1,Attribute 2 default
3179,variation,ProQitara,1,0,visible,Description,taxable,parent,1,0,0,1,1,"Ibn Alhaytham, Ibn Alhaytham > Antiepileptics",tags,img,3178,1,Dosage form,Attribute 1 value(s),,1,Attribute 1 default,Dosage Strength,Attribute 2 value(s),,1,Attribute 2 default
3180,variation,ProQitara,1,0,visible,Description,taxable,parent,1,0,0,1,1,"Ibn Alhaytham, Ibn Alhaytham > Antiepileptics",tags,img,3178,2,Dosage form,Attribute 1 value(s),,1,Attribute 1 default,Dosage Strength,Attribute 2 value(s),,1,Attribute 2 default
3181,variation,ProQitara,1,0,visible,Description,taxable,parent,1,0,0,1,1,"Ibn Alhaytham, Ibn Alhaytham > Antiepileptics",tags,img,3178,3,Dosage form,Attribute 1 value(s),,1,Attribute 1 default,Dosage Strength,Attribute 2 value(s),,1,Attribute 2 default
3182,variation,ProQitara,1,0,visible,Description,taxable,parent,1,0,0,1,1,"Ibn Alhaytham, Ibn Alhaytham > Antiepileptics",tags,img,3178,4,Dosage form,Attribute 1 value(s),,1,Attribute 1 default,Dosage Strength,Attribute 2 value(s),,1,Attribute 2 default
3183,variation,ProQitara,1,0,visible,Description,taxable,parent,1,0,0,1,1,"Ibn Alhaytham, Ibn Alhaytham > Antiepileptics",tags,img,3178,5,Dosage form,Attribute 1 value(s),,1,Attribute 1 default,Dosage Strength,Attribute 2 value(s),,1,Attribute 2 default
3184,variation,ProQitara,1,0,visible,Description,taxable,parent,1,0,0,1,1,"Ibn Alhaytham, Ibn Alhaytham > Antiepileptics",tags,img,3178,6,Dosage form,Attribute 1 value(s),,1,Attribute 1 default,Dosage Strength,Attribute 2 value(s),,1,Attribute 2 default
3185,variation,ProQitara,1,0,visible,Description,taxable,parent,1,0,0,1,1,"Ibn Alhaytham, Ibn Alhaytham > Antiepileptics",tags,img,3178,7,Dosage form,Attribute 1 value(s),,1,Attribute 1 default,Dosage Strength,Attribute 2 value(s),,1,Attribute 2 default
3186,variation,ProQitara,1,0,visible,Description,taxable,parent,1,0,0,1,1,"Ibn Alhaytham, Ibn Alhaytham > Antiepileptics",tags,img,3178,8,Dosage form,Attribute 1 value(s),,1,Attribute 1 default,Dosage Strength,Attribute 2 value(s),,1,Attribute 2 default
3187,variable,Valproate,1,0,visible,Description,taxable,,1,0,0,1,1,"Ibn Alhaytham, Ibn Alhaytham > Antiepileptics",tags,img,,0,Dosage form,Attribute 1 value(s),1,1,Attribute 1 default,Dosage Strength,Attribute 2 value(s),1,1,Attribute 2 default
3188,variation,Valproate,1,0,visible,Description,taxable,parent,1,0,0,1,1,"Ibn Alhaytham, Ibn Alhaytham > Antiepileptics",tags,img,3187,1,Dosage form,Attribute 1 value(s),,1,Attribute 1 default,Dosage Strength,Attribute 2 value(s),,1,Attribute 2 default
3189,variation,Valproate,1,0,visible,Description,taxable,parent,1,0,0,1,1,"Ibn Alhaytham, Ibn Alhaytham > Antiepileptics",tags,img,3187,2,Dosage form,Attribute 1 value(s),,1,Attribute 1 default,Dosage Strength,Attribute 2 value(s),,1,Attribute 2 default
3190,variation,Valproate,1,0,visible,Description,taxable,parent,1,0,0,1,1,"Ibn Alhaytham, Ibn Alhaytham > Antiepileptics",tags,img,3187,3,Dosage form,Attribute 1 value(s),,1,Attribute 1 default,Dosage Strength,Attribute 2 value(s),,1,Attribute 2 default
3191,variable,Indomigrain,1,0,visible,Description,taxable,,1,0,0,1,1,"Ibn Alhaytham, Ibn Alhaytham > Antimigraine Drugs",tags,img,,0,Dosage form,Attribute 1 value(s),1,1,Attribute 1 default,Dosage Strength,Attribute 2 value(s),1,1,Attribute 2 default
3192,variation,Indomigrain,1,0,visible,Description,taxable,parent,1,0,0,1,1,"Ibn Alhaytham, Ibn Alhaytham > Antimigraine Drugs",tags,img,3191,1,Dosage form,Attribute 1 value(s),,1,Attribute 1 default,Dosage Strength,Attribute 2 value(s),,1,Attribute 2 default
3193,variation,Indomigrain,1,0,visible,Description,taxable,parent,1,0,0,1,1,"Ibn Alhaytham, Ibn Alhaytham > Antimigraine Drugs",tags,img,3191,2,Dosage form,Attribute 1 value(s),,1,Attribute 1 default,Dosage Strength,Attribute 2 value(s),,1,Attribute 2 default
3194,variation,Indomigrain,1,0,visible,Description,taxable,parent,1,0,0,1,1,"Ibn Alhaytham, Ibn Alhaytham > Antimigraine Drugs",tags,img,3191,3,Dosage form,Attribute 1 value(s),,1,Attribute 1 default,Dosage Strength,Attribute 2 value(s),,1,Attribute 2 default
3195,variable,Hazi CaViD,1,0,visible,Description,taxable,,1,0,0,1,1,"Ibn Alhaytham, Ibn Alhaytham > Antiosteoporotic Drugs",tags,img,,0,Dosage form,Attribute 1 value(s),1,1,Attribute 1 default,Dosage Strength,Attribute 2 value(s),1,1,Attribute 2 default
3196,variation,Hazi CaViD,1,0,visible,Description,taxable,parent,1,0,0,1,1,"Ibn Alhaytham, Ibn Alhaytham > Antiosteoporotic Drugs",tags,img,3195,1,Dosage form,Attribute 1 value(s),,1,Attribute 1 default,Dosage Strength,Attribute 2 value(s),,1,Attribute 2 default
3197,variation,Hazi CaViD,1,0,visible,Description,taxable,parent,1,0,0,1,1,"Ibn Alhaytham, Ibn Alhaytham > Antiosteoporotic Drugs",tags,img,3195,2,Dosage form,Attribute 1 value(s),,1,Attribute 1 default,Dosage Strength,Attribute 2 value(s),,1,Attribute 2 default
3198,variable,Spasticol,1,0,visible,Description,taxable,,1,0,0,1,1,"Ibn Alhaytham, Ibn Alhaytham > Antispasmodics",tags,img,,0,Dosage form,Attribute 1 value(s),1,1,Attribute 1 default,Dosage Strength,Attribute 2 value(s),1,1,Attribute 2 default
3199,variation,Spasticol,1,0,visible,Description,taxable,parent,1,0,0,1,1,"Ibn Alhaytham, Ibn Alhaytham > Antispasmodics",tags,img,3198,1,Dosage form,Attribute 1 value(s),,1,Attribute 1 default,Dosage Strength,Attribute 2 value(s),,1,Attribute 2 default
3200,variation,Spasticol,1,0,visible,Description,taxable,parent,1,0,0,1,1,"Ibn Alhaytham, Ibn Alhaytham > Antispasmodics",tags,img,3198,2,Dosage form,Attribute 1 value(s),,1,Attribute 1 default,Dosage Strength,Attribute 2 value(s),,1,Attribute 2 default
3201,variable,Alitensin,1,0,visible,Description,taxable,,1,0,0,1,1,"Ibn Alhaytham, Ibn Alhaytham > Cardiovascular Drugs",tags,img,,0,Dosage form,Attribute 1 value(s),1,1,Attribute 1 default,Dosage Strength,Attribute 2 value(s),1,1,Attribute 2 default
3202,variation,Alitensin,1,0,visible,Description,taxable,parent,1,0,0,1,1,"Ibn Alhaytham, Ibn Alhaytham > Cardiovascular Drugs",tags,img,3201,1,Dosage form,Attribute 1 value(s),,1,Attribute 1 default,Dosage Strength,Attribute 2 value(s),,1,Attribute 2 default
3203,variation,Alitensin,1,0,visible,Description,taxable,parent,1,0,0,1,1,"Ibn Alhaytham, Ibn Alhaytham > Cardiovascular Drugs",tags,img,3201,2,Dosage form,Attribute 1 value(s),,1,Attribute 1 default,Dosage Strength,Attribute 2 value(s),,1,Attribute 2 default
3204,variable,Anti-Angina,1,0,visible,Description,taxable,,1,0,0,1,1,"Ibn Alhaytham, Ibn Alhaytham > Cardiovascular Drugs",tags,img,,0,Dosage form,Attribute 1 value(s),1,1,Attribute 1 default,Dosage Strength,Attribute 2 value(s),1,1,Attribute 2 default
3205,variation,Anti-Angina,1,0,visible,Description,taxable,parent,1,0,0,1,1,"Ibn Alhaytham, Ibn Alhaytham > Cardiovascular Drugs",tags,img,3204,1,Dosage form,Attribute 1 value(s),,1,Attribute 1 default,Dosage Strength,Attribute 2 value(s),,1,Attribute 2 default
3206,variation,Anti-Angina,1,0,visible,Description,taxable,parent,1,0,0,1,1,"Ibn Alhaytham, Ibn Alhaytham > Cardiovascular Drugs",tags,img,3204,2,Dosage form,Attribute 1 value(s),,1,Attribute 1 default,Dosage Strength,Attribute 2 value(s),,1,Attribute 2 default
3207,variation,Anti-Angina,1,0,visible,Description,taxable,parent,1,0,0,1,1,"Ibn Alhaytham, Ibn Alhaytham > Cardiovascular Drugs",tags,img,3204,3,Dosage form,Attribute 1 value(s),,1,Attribute 1 default,Dosage Strength,Attribute 2 value(s),,1,Attribute 2 default
3208,variation,Anti-Angina,1,0,visible,Description,taxable,parent,1,0,0,1,1,"Ibn Alhaytham, Ibn Alhaytham > Cardiovascular Drugs",tags,img,3204,4,Dosage form,Attribute 1 value(s),,1,Attribute 1 default,Dosage Strength,Attribute 2 value(s),,1,Attribute 2 default
3209,variable,Beta Active,1,0,visible,Description,taxable,,1,0,0,1,1,"Ibn Alhaytham, Ibn Alhaytham > Cardiovascular Drugs",tags,img,,0,Dosage form,Attribute 1 value(s),1,1,Attribute 1 default,Dosage Strength,Attribute 2 value(s),1,1,Attribute 2 default
3210,variation,Beta Active,1,0,visible,Description,taxable,parent,1,0,0,1,1,"Ibn Alhaytham, Ibn Alhaytham > Cardiovascular Drugs",tags,img,3209,1,Dosage form,Attribute 1 value(s),,1,Attribute 1 default,Dosage Strength,Attribute 2 value(s),,1,Attribute 2 default
3211,variation,Beta Active,1,0,visible,Description,taxable,parent,1,0,0,1,1,"Ibn Alhaytham, Ibn Alhaytham > Cardiovascular Drugs",tags,img,3209,2,Dosage form,Attribute 1 value(s),,1,Attribute 1 default,Dosage Strength,Attribute 2 value(s),,1,Attribute 2 default
3212,variation,Beta Active,1,0,visible,Description,taxable,parent,1,0,0,1,1,"Ibn Alhaytham, Ibn Alhaytham > Cardiovascular Drugs",tags,img,3209,3,Dosage form,Attribute 1 value(s),,1,Attribute 1 default,Dosage Strength,Attribute 2 value(s),,1,Attribute 2 default
3213,variation,Beta Active,1,0,visible,Description,taxable,parent,1,0,0,1,1,"Ibn Alhaytham, Ibn Alhaytham > Cardiovascular Drugs",tags,img,3209,4,Dosage form,Attribute 1 value(s),,1,Attribute 1 default,Dosage Strength,Attribute 2 value(s),,1,Attribute 2 default
3214,variation,Beta Active,1,0,visible,Description,taxable,parent,1,0,0,1,1,"Ibn Alhaytham, Ibn Alhaytham > Cardiovascular Drugs",tags,img,3209,5,Dosage form,Attribute 1 value(s),,1,Attribute 1 default,Dosage Strength,Attribute 2 value(s),,1,Attribute 2 default
3215,variation,Beta Active,1,0,visible,Description,taxable,parent,1,0,0,1,1,"Ibn Alhaytham, Ibn Alhaytham > Cardiovascular Drugs",tags,img,3209,6,Dosage form,Attribute 1 value(s),,1,Attribute 1 default,Dosage Strength,Attribute 2 value(s),,1,Attribute 2 default
3216,variable,Bisoprol,1,0,visible,Description,taxable,,1,0,0,1,1,"Ibn Alhaytham, Ibn Alhaytham > Cardiovascular Drugs",tags,img,,0,Dosage form,Attribute 1 value(s),1,1,Attribute 1 default,Dosage Strength,Attribute 2 value(s),1,1,Attribute 2 default
3217,variation,Bisoprol,1,0,visible,Description,taxable,parent,1,0,0,1,1,"Ibn Alhaytham, Ibn Alhaytham > Cardiovascular Drugs",tags,img,3216,1,Dosage form,Attribute 1 value(s),,1,Attribute 1 default,Dosage Strength,Attribute 2 value(s),,1,Attribute 2 default
3218,variation,Bisoprol,1,0,visible,Description,taxable,parent,1,0,0,1,1,"Ibn Alhaytham, Ibn Alhaytham > Cardiovascular Drugs",tags,img,3216,2,Dosage form,Attribute 1 value(s),,1,Attribute 1 default,Dosage Strength,Attribute 2 value(s),,1,Attribute 2 default
3219,variation,Bisoprol,1,0,visible,Description,taxable,parent,1,0,0,1,1,"Ibn Alhaytham, Ibn Alhaytham > Cardiovascular Drugs",tags,img,3216,3,Dosage form,Attribute 1 value(s),,1,Attribute 1 default,Dosage Strength,Attribute 2 value(s),,1,Attribute 2 default
3220,variation,Bisoprol,1,0,visible,Description,taxable,parent,1,0,0,1,1,"Ibn Alhaytham, Ibn Alhaytham > Cardiovascular Drugs",tags,img,3216,4,Dosage form,Attribute 1 value(s),,1,Attribute 1 default,Dosage Strength,Attribute 2 value(s),,1,Attribute 2 default
3221,variable,Bradicore,1,0,visible,Description,taxable,,1,0,0,1,1,"Ibn Alhaytham, Ibn Alhaytham > Cardiovascular Drugs",tags,img,,0,Dosage form,Attribute 1 value(s),1,1,Attribute 1 default,Dosage Strength,Attribute 2 value(s),1,1,Attribute 2 default
3222,variation,Bradicore,1,0,visible,Description,taxable,parent,1,0,0,1,1,"Ibn Alhaytham, Ibn Alhaytham > Cardiovascular Drugs",tags,img,3221,1,Dosage form,Attribute 1 value(s),,1,Attribute 1 default,Dosage Strength,Attribute 2 value(s),,1,Attribute 2 default
3223,variation,Bradicore,1,0,visible,Description,taxable,parent,1,0,0,1,1,"Ibn Alhaytham, Ibn Alhaytham > Cardiovascular Drugs",tags,img,3221,2,Dosage form,Attribute 1 value(s),,1,Attribute 1 default,Dosage Strength,Attribute 2 value(s),,1,Attribute 2 default
3224,variable,Ramipril,1,0,visible,Description,taxable,,1,0,0,1,1,"Ibn Alhaytham, Ibn Alhaytham > Cardiovascular Drugs",tags,img,,0,Dosage form,Attribute 1 value(s),1,1,Attribute 1 default,Dosage Strength,Attribute 2 value(s),1,1,Attribute 2 default
3225,variation,Ramipril,1,0,visible,Description,taxable,parent,1,0,0,1,1,"Ibn Alhaytham, Ibn Alhaytham > Cardiovascular Drugs",tags,img,3224,1,Dosage form,Attribute 1 value(s),,1,Attribute 1 default,Dosage Strength,Attribute 2 value(s),,1,Attribute 2 default
3226,variation,Ramipril,1,0,visible,Description,taxable,parent,1,0,0,1,1,"Ibn Alhaytham, Ibn Alhaytham > Cardiovascular Drugs",tags,img,3224,2,Dosage form,Attribute 1 value(s),,1,Attribute 1 default,Dosage Strength,Attribute 2 value(s),,1,Attribute 2 default
3227,variation,Ramipril,1,0,visible,Description,taxable,parent,1,0,0,1,1,"Ibn Alhaytham, Ibn Alhaytham > Cardiovascular Drugs",tags,img,3224,3,Dosage form,Attribute 1 value(s),,1,Attribute 1 default,Dosage Strength,Attribute 2 value(s),,1,Attribute 2 default
3228,variation,Ramipril,1,0,visible,Description,taxable,parent,1,0,0,1,1,"Ibn Alhaytham, Ibn Alhaytham > Cardiovascular Drugs",tags,img,3224,4,Dosage form,Attribute 1 value(s),,1,Attribute 1 default,Dosage Strength,Attribute 2 value(s),,1,Attribute 2 default
3229,variation,Ramipril,1,0,visible,Description,taxable,parent,1,0,0,1,1,"Ibn Alhaytham, Ibn Alhaytham > Cardiovascular Drugs",tags,img,3224,5,Dosage form,Attribute 1 value(s),,1,Attribute 1 default,Dosage Strength,Attribute 2 value(s),,1,Attribute 2 default
3230,variation,Ramipril,1,0,visible,Description,taxable,parent,1,0,0,1,1,"Ibn Alhaytham, Ibn Alhaytham > Cardiovascular Drugs",tags,img,3224,6,Dosage form,Attribute 1 value(s),,1,Attribute 1 default,Dosage Strength,Attribute 2 value(s),,1,Attribute 2 default
3231,variable,Valsartan,1,0,visible,Description,taxable,,1,0,0,1,1,"Ibn Alhaytham, Ibn Alhaytham > Cardiovascular Drugs",tags,img,,0,Dosage form,Attribute 1 value(s),1,1,Attribute 1 default,Dosage Strength,Attribute 2 value(s),1,1,Attribute 2 default
3232,variation,Valsartan,1,0,visible,Description,taxable,parent,1,0,0,1,1,"Ibn Alhaytham, Ibn Alhaytham > Cardiovascular Drugs",tags,img,3231,1,Dosage form,Attribute 1 value(s),,1,Attribute 1 default,Dosage Strength,Attribute 2 value(s),,1,Attribute 2 default
3233,variation,Valsartan,1,0,visible,Description,taxable,parent,1,0,0,1,1,"Ibn Alhaytham, Ibn Alhaytham > Cardiovascular Drugs",tags,img,3231,2,Dosage form,Attribute 1 value(s),,1,Attribute 1 default,Dosage Strength,Attribute 2 value(s),,1,Attribute 2 default
3234,variation,Valsartan,1,0,visible,Description,taxable,parent,1,0,0,1,1,"Ibn Alhaytham, Ibn Alhaytham > Cardiovascular Drugs",tags,img,3231,3,Dosage form,Attribute 1 value(s),,1,Attribute 1 default,Dosage Strength,Attribute 2 value(s),,1,Attribute 2 default
3235,variation,Valsartan,1,0,visible,Description,taxable,parent,1,0,0,1,1,"Ibn Alhaytham, Ibn Alhaytham > Cardiovascular Drugs",tags,img,3231,4,Dosage form,Attribute 1 value(s),,1,Attribute 1 default,Dosage Strength,Attribute 2 value(s),,1,Attribute 2 default
3236,variation,Valsartan,1,0,visible,Description,taxable,parent,1,0,0,1,1,"Ibn Alhaytham, Ibn Alhaytham > Cardiovascular Drugs",tags,img,3231,5,Dosage form,Attribute 1 value(s),,1,Attribute 1 default,Dosage Strength,Attribute 2 value(s),,1,Attribute 2 default
3237,variation,Valsartan,1,0,visible,Description,taxable,parent,1,0,0,1,1,"Ibn Alhaytham, Ibn Alhaytham > Cardiovascular Drugs",tags,img,3231,6,Dosage form,Attribute 1 value(s),,1,Attribute 1 default,Dosage Strength,Attribute 2 value(s),,1,Attribute 2 default
3238,variation,Valsartan,1,0,visible,Description,taxable,parent,1,0,0,1,1,"Ibn Alhaytham, Ibn Alhaytham > Cardiovascular Drugs",tags,img,3231,7,Dosage form,Attribute 1 value(s),,1,Attribute 1 default,Dosage Strength,Attribute 2 value(s),,1,Attribute 2 default
3239,variation,Valsartan,1,0,visible,Description,taxable,parent,1,0,0,1,1,"Ibn Alhaytham, Ibn Alhaytham > Cardiovascular Drugs",tags,img,3231,8,Dosage form,Attribute 1 value(s),,1,Attribute 1 default,Dosage Strength,Attribute 2 value(s),,1,Attribute 2 default
3240,variation,Valsartan,1,0,visible,Description,taxable,parent,1,0,0,1,1,"Ibn Alhaytham, Ibn Alhaytham > Cardiovascular Drugs",tags,img,3231,9,Dosage form,Attribute 1 value(s),,1,Attribute 1 default,Dosage Strength,Attribute 2 value(s),,1,Attribute 2 default
3241,variation,Valsartan,1,0,visible,Description,taxable,parent,1,0,0,1,1,"Ibn Alhaytham, Ibn Alhaytham > Cardiovascular Drugs",tags,img,3231,10,Dosage form,Attribute 1 value(s),,1,Attribute 1 default,Dosage Strength,Attribute 2 value(s),,1,Attribute 2 default
3242,variation,Valsartan,1,0,visible,Description,taxable,parent,1,0,0,1,1,"Ibn Alhaytham, Ibn Alhaytham > Cardiovascular Drugs",tags,img,3231,11,Dosage form,Attribute 1 value(s),,1,Attribute 1 default,Dosage Strength,Attribute 2 value(s),,1,Attribute 2 default
3243,variation,Valsartan,1,0,visible,Description,taxable,parent,1,0,0,1,1,"Ibn Alhaytham, Ibn Alhaytham > Cardiovascular Drugs",tags,img,3231,12,Dosage form,Attribute 1 value(s),,1,Attribute 1 default,Dosage Strength,Attribute 2 value(s),,1,Attribute 2 default
3244,variation,Valsartan,1,0,visible,Description,taxable,parent,1,0,0,1,1,"Ibn Alhaytham, Ibn Alhaytham > Cardiovascular Drugs",tags,img,3231,13,Dosage form,Attribute 1 value(s),,1,Attribute 1 default,Dosage Strength,Attribute 2 value(s),,1,Attribute 2 default
3245,variation,Valsartan,1,0,visible,Description,taxable,parent,1,0,0,1,1,"Ibn Alhaytham, Ibn Alhaytham > Cardiovascular Drugs",tags,img,3231,14,Dosage form,Attribute 1 value(s),,1,Attribute 1 default,Dosage Strength,Attribute 2 value(s),,1,Attribute 2 default
3246,variation,Valsartan,1,0,visible,Description,taxable,parent,1,0,0,1,1,"Ibn Alhaytham, Ibn Alhaytham > Cardiovascular Drugs",tags,img,3231,15,Dosage form,Attribute 1 value(s),,1,Attribute 1 default,Dosage Strength,Attribute 2 value(s),,1,Attribute 2 default
3247,variation,Valsartan,1,0,visible,Description,taxable,parent,1,0,0,1,1,"Ibn Alhaytham, Ibn Alhaytham > Cardiovascular Drugs",tags,img,3231,16,Dosage form,Attribute 1 value(s),,1,Attribute 1 default,Dosage Strength,Attribute 2 value(s),,1,Attribute 2 default
3248,variation,Valsartan,1,0,visible,Description,taxable,parent,1,0,0,1,1,"Ibn Alhaytham, Ibn Alhaytham > Cardiovascular Drugs",tags,img,3231,17,Dosage form,Attribute 1 value(s),,1,Attribute 1 default,Dosage Strength,Attribute 2 value(s),,1,Attribute 2 default
3249,variation,Valsartan,1,0,visible,Description,taxable,parent,1,0,0,1,1,"Ibn Alhaytham, Ibn Alhaytham > Cardiovascular Drugs",tags,img,3231,18,Dosage form,Attribute 1 value(s),,1,Attribute 1 default,Dosage Strength,Attribute 2 value(s),,1,Attribute 2 default
3250,variation,Valsartan,1,0,visible,Description,taxable,parent,1,0,0,1,1,"Ibn Alhaytham, Ibn Alhaytham > Cardiovascular Drugs",tags,img,3231,19,Dosage form,Attribute 1 value(s),,1,Attribute 1 default,Dosage Strength,Attribute 2 value(s),,1,Attribute 2 default
3251,variable,Atorvastatin,1,0,visible,Description,taxable,,1,0,0,1,1,"Ibn Alhaytham, Ibn Alhaytham > Cholesterol Reducers - Hypolipidemic Drugs",tags,img,,0,Dosage form,Attribute 1 value(s),1,1,Attribute 1 default,Dosage Strength,Attribute 2 value(s),1,1,Attribute 2 default
3252,variation,Atorvastatin,1,0,visible,Description,taxable,parent,1,0,0,1,1,"Ibn Alhaytham, Ibn Alhaytham > Cholesterol Reducers - Hypolipidemic Drugs",tags,img,3251,1,Dosage form,Attribute 1 value(s),,1,Attribute 1 default,Dosage Strength,Attribute 2 value(s),,1,Attribute 2 default
3253,variation,Atorvastatin,1,0,visible,Description,taxable,parent,1,0,0,1,1,"Ibn Alhaytham, Ibn Alhaytham > Cholesterol Reducers - Hypolipidemic Drugs",tags,img,3251,2,Dosage form,Attribute 1 value(s),,1,Attribute 1 default,Dosage Strength,Attribute 2 value(s),,1,Attribute 2 default
3254,variation,Atorvastatin,1,0,visible,Description,taxable,parent,1,0,0,1,1,"Ibn Alhaytham, Ibn Alhaytham > Cholesterol Reducers - Hypolipidemic Drugs",tags,img,3251,3,Dosage form,Attribute 1 value(s),,1,Attribute 1 default,Dosage Strength,Attribute 2 value(s),,1,Attribute 2 default
3255,variation,Atorvastatin,1,0,visible,Description,taxable,parent,1,0,0,1,1,"Ibn Alhaytham, Ibn Alhaytham > Cholesterol Reducers - Hypolipidemic Drugs",tags,img,3251,4,Dosage form,Attribute 1 value(s),,1,Attribute 1 default,Dosage Strength,Attribute 2 value(s),,1,Attribute 2 default
3256,variable,MicroFibrate,1,0,visible,Description,taxable,,1,0,0,1,1,"Ibn Alhaytham, Ibn Alhaytham > Cholesterol Reducers - Hypolipidemic Drugs",tags,img,,0,Dosage form,Attribute 1 value(s),1,1,Attribute 1 default,Dosage Strength,Attribute 2 value(s),1,1,Attribute 2 default
3257,variation,MicroFibrate,1,0,visible,Description,taxable,parent,1,0,0,1,1,"Ibn Alhaytham, Ibn Alhaytham > Cholesterol Reducers - Hypolipidemic Drugs",tags,img,3256,1,Dosage form,Attribute 1 value(s),,1,Attribute 1 default,Dosage Strength,Attribute 2 value(s),,1,Attribute 2 default
3258,variation,MicroFibrate,1,0,visible,Description,taxable,parent,1,0,0,1,1,"Ibn Alhaytham, Ibn Alhaytham > Cholesterol Reducers - Hypolipidemic Drugs",tags,img,3256,2,Dosage form,Attribute 1 value(s),,1,Attribute 1 default,Dosage Strength,Attribute 2 value(s),,1,Attribute 2 default
3259,variable,Rosacrest,1,0,visible,Description,taxable,,1,0,0,1,1,"Ibn Alhaytham, Ibn Alhaytham > Cholesterol Reducers - Hypolipidemic Drugs",tags,img,,0,Dosage form,Attribute 1 value(s),1,1,Attribute 1 default,Dosage Strength,Attribute 2 value(s),1,1,Attribute 2 default
3260,variation,Rosacrest,1,0,visible,Description,taxable,parent,1,0,0,1,1,"Ibn Alhaytham, Ibn Alhaytham > Cholesterol Reducers - Hypolipidemic Drugs",tags,img,3259,1,Dosage form,Attribute 1 value(s),,1,Attribute 1 default,Dosage Strength,Attribute 2 value(s),,1,Attribute 2 default
3261,variation,Rosacrest,1,0,visible,Description,taxable,parent,1,0,0,1,1,"Ibn Alhaytham, Ibn Alhaytham > Cholesterol Reducers - Hypolipidemic Drugs",tags,img,3259,2,Dosage form,Attribute 1 value(s),,1,Attribute 1 default,Dosage Strength,Attribute 2 value(s),,1,Attribute 2 default
3262,variation,Rosacrest,1,0,visible,Description,taxable,parent,1,0,0,1,1,"Ibn Alhaytham, Ibn Alhaytham > Cholesterol Reducers - Hypolipidemic Drugs",tags,img,3259,3,Dosage form,Attribute 1 value(s),,1,Attribute 1 default,Dosage Strength,Attribute 2 value(s),,1,Attribute 2 default
3263,variable,Dapoxetine,1,0,visible,Description,taxable,,1,0,0,1,1,"Ibn Alhaytham, Ibn Alhaytham > Erectile Dysfunction Therapy",tags,img,,0,Dosage form,Attribute 1 value(s),1,1,Attribute 1 default,Dosage Strength,Attribute 2 value(s),1,1,Attribute 2 default
3264,variation,Dapoxetine,1,0,visible,Description,taxable,parent,1,0,0,1,1,"Ibn Alhaytham, Ibn Alhaytham > Erectile Dysfunction Therapy",tags,img,3263,1,Dosage form,Attribute 1 value(s),,1,Attribute 1 default,Dosage Strength,Attribute 2 value(s),,1,Attribute 2 default
3265,variation,Dapoxetine,1,0,visible,Description,taxable,parent,1,0,0,1,1,"Ibn Alhaytham, Ibn Alhaytham > Erectile Dysfunction Therapy",tags,img,3263,2,Dosage form,Attribute 1 value(s),,1,Attribute 1 default,Dosage Strength,Attribute 2 value(s),,1,Attribute 2 default
3266,variable,Tadafort,1,0,visible,Description,taxable,,1,0,0,1,1,"Ibn Alhaytham, Ibn Alhaytham > Erectile Dysfunction Therapy",tags,img,,0,Dosage form,Attribute 1 value(s),1,1,Attribute 1 default,Dosage Strength,Attribute 2 value(s),1,1,Attribute 2 default
3267,variation,Tadafort,1,0,visible,Description,taxable,parent,1,0,0,1,1,"Ibn Alhaytham, Ibn Alhaytham > Erectile Dysfunction Therapy",tags,img,3266,1,Dosage form,Attribute 1 value(s),,1,Attribute 1 default,Dosage Strength,Attribute 2 value(s),,1,Attribute 2 default
3268,variation,Tadafort,1,0,visible,Description,taxable,parent,1,0,0,1,1,"Ibn Alhaytham, Ibn Alhaytham > Erectile Dysfunction Therapy",tags,img,3266,2,Dosage form,Attribute 1 value(s),,1,Attribute 1 default,Dosage Strength,Attribute 2 value(s),,1,Attribute 2 default
3269,variable,Glucosamine,1,0,visible,Description,taxable,,1,0,0,1,1,"Ibn Alhaytham, Ibn Alhaytham > Food Supplement",tags,img,,0,Dosage form,Attribute 1 value(s),1,1,Attribute 1 default,Dosage Strength,Attribute 2 value(s),1,1,Attribute 2 default
3270,variation,Glucosamine,1,0,visible,Description,taxable,parent,1,0,0,1,1,"Ibn Alhaytham, Ibn Alhaytham > Food Supplement",tags,img,3269,1,Dosage form,Attribute 1 value(s),,1,Attribute 1 default,Dosage Strength,Attribute 2 value(s),,1,Attribute 2 default
3271,variation,Glucosamine,1,0,visible,Description,taxable,parent,1,0,0,1,1,"Ibn Alhaytham, Ibn Alhaytham > Food Supplement",tags,img,3269,2,Dosage form,Attribute 1 value(s),,1,Attribute 1 default,Dosage Strength,Attribute 2 value(s),,1,Attribute 2 default
3272,variation,Glucosamine,1,0,visible,Description,taxable,parent,1,0,0,1,1,"Ibn Alhaytham, Ibn Alhaytham > Food Supplement",tags,img,3269,3,Dosage form,Attribute 1 value(s),,1,Attribute 1 default,Dosage Strength,Attribute 2 value(s),,1,Attribute 2 default
3273,variation,Glucosamine,1,0,visible,Description,taxable,parent,1,0,0,1,1,"Ibn Alhaytham, Ibn Alhaytham > Food Supplement",tags,img,3269,4,Dosage form,Attribute 1 value(s),,1,Attribute 1 default,Dosage Strength,Attribute 2 value(s),,1,Attribute 2 default
3274,variation,Glucosamine,1,0,visible,Description,taxable,parent,1,0,0,1,1,"Ibn Alhaytham, Ibn Alhaytham > Food Supplement",tags,img,3269,5,Dosage form,Attribute 1 value(s),,1,Attribute 1 default,Dosage Strength,Attribute 2 value(s),,1,Attribute 2 default
3275,variation,Glucosamine,1,0,visible,Description,taxable,parent,1,0,0,1,1,"Ibn Alhaytham, Ibn Alhaytham > Food Supplement",tags,img,3269,6,Dosage form,Attribute 1 value(s),,1,Attribute 1 default,Dosage Strength,Attribute 2 value(s),,1,Attribute 2 default
3276,variation,Glucosamine,1,0,visible,Description,taxable,parent,1,0,0,1,1,"Ibn Alhaytham, Ibn Alhaytham > Food Supplement",tags,img,3269,7,Dosage form,Attribute 1 value(s),,1,Attribute 1 default,Dosage Strength,Attribute 2 value(s),,1,Attribute 2 default
3277,variation,Glucosamine,1,0,visible,Description,taxable,parent,1,0,0,1,1,"Ibn Alhaytham, Ibn Alhaytham > Food Supplement",tags,img,3269,8,Dosage form,Attribute 1 value(s),,1,Attribute 1 default,Dosage Strength,Attribute 2 value(s),,1,Attribute 2 default
3278,variable,Vitaglobin,1,0,visible,Description,taxable,,1,0,0,1,1,"Ibn Alhaytham, Ibn Alhaytham > Food Supplement",tags,img,,0,Dosage form,Attribute 1 value(s),1,1,Attribute 1 default,Dosage Strength,Attribute 2 value(s),1,1,Attribute 2 default
3279,variation,Vitaglobin,1,0,visible,Description,taxable,parent,1,0,0,1,1,"Ibn Alhaytham, Ibn Alhaytham > Food Supplement",tags,img,3278,1,Dosage form,Attribute 1 value(s),,1,Attribute 1 default,Dosage Strength,Attribute 2 value(s),,1,Attribute 2 default
3280,variation,Vitaglobin,1,0,visible,Description,taxable,parent,1,0,0,1,1,"Ibn Alhaytham, Ibn Alhaytham > Food Supplement",tags,img,3278,2,Dosage form,Attribute 1 value(s),,1,Attribute 1 default,Dosage Strength,Attribute 2 value(s),,1,Attribute 2 default
3281,variable,Aprevomit,1,0,visible,Description,taxable,,1,0,0,1,1,"Ibn Alhaytham, Ibn Alhaytham > Gastrointestinal Drugs",tags,img,,0,Dosage form,Attribute 1 value(s),1,1,Attribute 1 default,Dosage Strength,Attribute 2 value(s),1,1,Attribute 2 default
3282,variation,Aprevomit,1,0,visible,Description,taxable,parent,1,0,0,1,1,"Ibn Alhaytham, Ibn Alhaytham > Gastrointestinal Drugs",tags,img,3281,1,Dosage form,Attribute 1 value(s),,1,Attribute 1 default,Dosage Strength,Attribute 2 value(s),,1,Attribute 2 default
3283,variation,Aprevomit,1,0,visible,Description,taxable,parent,1,0,0,1,1,"Ibn Alhaytham, Ibn Alhaytham > Gastrointestinal Drugs",tags,img,3281,2,Dosage form,Attribute 1 value(s),,1,Attribute 1 default,Dosage Strength,Attribute 2 value(s),,1,Attribute 2 default
3284,variation,Aprevomit,1,0,visible,Description,taxable,parent,1,0,0,1,1,"Ibn Alhaytham, Ibn Alhaytham > Gastrointestinal Drugs",tags,img,3281,3,Dosage form,Attribute 1 value(s),,1,Attribute 1 default,Dosage Strength,Attribute 2 value(s),,1,Attribute 2 default
3285,variable,Dexlans,1,0,visible,Description,taxable,,1,0,0,1,1,"Ibn Alhaytham, Ibn Alhaytham > Gastrointestinal Drugs",tags,img,,0,Dosage form,Attribute 1 value(s),1,1,Attribute 1 default,Dosage Strength,Attribute 2 value(s),1,1,Attribute 2 default
3286,variation,Dexlans,1,0,visible,Description,taxable,parent,1,0,0,1,1,"Ibn Alhaytham, Ibn Alhaytham > Gastrointestinal Drugs",tags,img,3285,1,Dosage form,Attribute 1 value(s),,1,Attribute 1 default,Dosage Strength,Attribute 2 value(s),,1,Attribute 2 default
3287,variation,Dexlans,1,0,visible,Description,taxable,parent,1,0,0,1,1,"Ibn Alhaytham, Ibn Alhaytham > Gastrointestinal Drugs",tags,img,3285,2,Dosage form,Attribute 1 value(s),,1,Attribute 1 default,Dosage Strength,Attribute 2 value(s),,1,Attribute 2 default
3288,variable,Nexigast,1,0,visible,Description,taxable,,1,0,0,1,1,"Ibn Alhaytham, Ibn Alhaytham > Gastrointestinal Drugs",tags,img,,0,Dosage form,Attribute 1 value(s),1,1,Attribute 1 default,Dosage Strength,Attribute 2 value(s),1,1,Attribute 2 default
3289,variation,Nexigast,1,0,visible,Description,taxable,parent,1,0,0,1,1,"Ibn Alhaytham, Ibn Alhaytham > Gastrointestinal Drugs",tags,img,3288,1,Dosage form,Attribute 1 value(s),,1,Attribute 1 default,Dosage Strength,Attribute 2 value(s),,1,Attribute 2 default
3290,variation,Nexigast,1,0,visible,Description,taxable,parent,1,0,0,1,1,"Ibn Alhaytham, Ibn Alhaytham > Gastrointestinal Drugs",tags,img,3288,2,Dosage form,Attribute 1 value(s),,1,Attribute 1 default,Dosage Strength,Attribute 2 value(s),,1,Attribute 2 default
3291,variation,Nexigast,1,0,visible,Description,taxable,parent,1,0,0,1,1,"Ibn Alhaytham, Ibn Alhaytham > Gastrointestinal Drugs",tags,img,3288,3,Dosage form,Attribute 1 value(s),,1,Attribute 1 default,Dosage Strength,Attribute 2 value(s),,1,Attribute 2 default
3292,variation,Nexigast,1,0,visible,Description,taxable,parent,1,0,0,1,1,"Ibn Alhaytham, Ibn Alhaytham > Gastrointestinal Drugs",tags,img,3288,4,Dosage form,Attribute 1 value(s),,1,Attribute 1 default,Dosage Strength,Attribute 2 value(s),,1,Attribute 2 default
3293,variation,Nexigast,1,0,visible,Description,taxable,parent,1,0,0,1,1,"Ibn Alhaytham, Ibn Alhaytham > Gastrointestinal Drugs",tags,img,3288,5,Dosage form,Attribute 1 value(s),,1,Attribute 1 default,Dosage Strength,Attribute 2 value(s),,1,Attribute 2 default
3294,variable,Omecarbonate,1,0,visible,Description,taxable,,1,0,0,1,1,"Ibn Alhaytham, Ibn Alhaytham > Gastrointestinal Drugs",tags,img,,0,Dosage form,Attribute 1 value(s),1,1,Attribute 1 default,Dosage Strength,Attribute 2 value(s),1,1,Attribute 2 default
3295,variation,Omecarbonate,1,0,visible,Description,taxable,parent,1,0,0,1,1,"Ibn Alhaytham, Ibn Alhaytham > Gastrointestinal Drugs",tags,img,3294,1,Dosage form,Attribute 1 value(s),,1,Attribute 1 default,Dosage Strength,Attribute 2 value(s),,1,Attribute 2 default
3296,variation,Omecarbonate,1,0,visible,Description,taxable,parent,1,0,0,1,1,"Ibn Alhaytham, Ibn Alhaytham > Gastrointestinal Drugs",tags,img,3294,2,Dosage form,Attribute 1 value(s),,1,Attribute 1 default,Dosage Strength,Attribute 2 value(s),,1,Attribute 2 default
3297,variable,Glucofer,1,0,visible,Description,taxable,,1,0,0,1,1,"Ibn Alhaytham, Ibn Alhaytham > Iron Supplements",tags,img,,0,Dosage form,Attribute 1 value(s),1,1,Attribute 1 default,Dosage Strength,Attribute 2 value(s),1,1,Attribute 2 default
3298,variation,Glucofer,1,0,visible,Description,taxable,parent,1,0,0,1,1,"Ibn Alhaytham, Ibn Alhaytham > Iron Supplements",tags,img,3297,1,Dosage form,Attribute 1 value(s),,1,Attribute 1 default,Dosage Strength,Attribute 2 value(s),,1,Attribute 2 default
3299,variation,Glucofer,1,0,visible,Description,taxable,parent,1,0,0,1,1,"Ibn Alhaytham, Ibn Alhaytham > Iron Supplements",tags,img,3297,2,Dosage form,Attribute 1 value(s),,1,Attribute 1 default,Dosage Strength,Attribute 2 value(s),,1,Attribute 2 default
3300,variation,Glucofer,1,0,visible,Description,taxable,parent,1,0,0,1,1,"Ibn Alhaytham, Ibn Alhaytham > Iron Supplements",tags,img,3297,3,Dosage form,Attribute 1 value(s),,1,Attribute 1 default,Dosage Strength,Attribute 2 value(s),,1,Attribute 2 default
3301,variable,Ambroxol,1,0,visible,Description,taxable,,1,0,0,1,1,"Ibn Alhaytham, Ibn Alhaytham > Respiratory Tract Drugs",tags,img,,0,Dosage form,Attribute 1 value(s),1,1,Attribute 1 default,Dosage Strength,Attribute 2 value(s),1,1,Attribute 2 default
3302,variation,Ambroxol,1,0,visible,Description,taxable,parent,1,0,0,1,1,"Ibn Alhaytham, Ibn Alhaytham > Respiratory Tract Drugs",tags,img,3301,1,Dosage form,Attribute 1 value(s),,1,Attribute 1 default,Dosage Strength,Attribute 2 value(s),,1,Attribute 2 default
3303,variation,Ambroxol,1,0,visible,Description,taxable,parent,1,0,0,1,1,"Ibn Alhaytham, Ibn Alhaytham > Respiratory Tract Drugs",tags,img,3301,2,Dosage form,Attribute 1 value(s),,1,Attribute 1 default,Dosage Strength,Attribute 2 value(s),,1,Attribute 2 default
3304,variation,Ambroxol,1,0,visible,Description,taxable,parent,1,0,0,1,1,"Ibn Alhaytham, Ibn Alhaytham > Respiratory Tract Drugs",tags,img,3301,3,Dosage form,Attribute 1 value(s),,1,Attribute 1 default,Dosage Strength,Attribute 2 value(s),,1,Attribute 2 default
3305,variation,Ambroxol,1,0,visible,Description,taxable,parent,1,0,0,1,1,"Ibn Alhaytham, Ibn Alhaytham > Respiratory Tract Drugs",tags,img,3301,4,Dosage form,Attribute 1 value(s),,1,Attribute 1 default,Dosage Strength,Attribute 2 value(s),,1,Attribute 2 default
3306,variable,Brophenil,1,0,visible,Description,taxable,,1,0,0,1,1,"Ibn Alhaytham, Ibn Alhaytham > Respiratory Tract Drugs",tags,img,,0,Dosage form,Attribute 1 value(s),1,1,Attribute 1 default,Dosage Strength,Attribute 2 value(s),1,1,Attribute 2 default
3307,variation,Brophenil,1,0,visible,Description,taxable,parent,1,0,0,1,1,"Ibn Alhaytham, Ibn Alhaytham > Respiratory Tract Drugs",tags,img,3306,1,Dosage form,Attribute 1 value(s),,1,Attribute 1 default,Dosage Strength,Attribute 2 value(s),,1,Attribute 2 default
3308,variation,Brophenil,1,0,visible,Description,taxable,parent,1,0,0,1,1,"Ibn Alhaytham, Ibn Alhaytham > Respiratory Tract Drugs",tags,img,3306,2,Dosage form,Attribute 1 value(s),,1,Attribute 1 default,Dosage Strength,Attribute 2 value(s),,1,Attribute 2 default
3309,variable,Budelar,1,0,visible,Description,taxable,,1,0,0,1,1,"Ibn Alhaytham, Ibn Alhaytham > Respiratory Tract Drugs",tags,img,,0,Dosage form,Attribute 1 value(s),1,1,Attribute 1 default,Dosage Strength,Attribute 2 value(s),1,1,Attribute 2 default
3310,variation,Budelar,1,0,visible,Description,taxable,parent,1,0,0,1,1,"Ibn Alhaytham, Ibn Alhaytham > Respiratory Tract Drugs",tags,img,3309,1,Dosage form,Attribute 1 value(s),,1,Attribute 1 default,Dosage Strength,Attribute 2 value(s),,1,Attribute 2 default
3311,variation,Budelar,1,0,visible,Description,taxable,parent,1,0,0,1,1,"Ibn Alhaytham, Ibn Alhaytham > Respiratory Tract Drugs",tags,img,3309,2,Dosage form,Attribute 1 value(s),,1,Attribute 1 default,Dosage Strength,Attribute 2 value(s),,1,Attribute 2 default
3312,variable,Profigrip,1,0,visible,Description,taxable,,1,0,0,1,1,"Ibn Alhaytham, Ibn Alhaytham > Respiratory Tract Drugs",tags,img,,0,Dosage form,Attribute 1 value(s),1,1,Attribute 1 default,Dosage Strength,Attribute 2 value(s),1,1,Attribute 2 default
3313,variation,Profigrip,1,0,visible,Description,taxable,parent,1,0,0,1,1,"Ibn Alhaytham, Ibn Alhaytham > Respiratory Tract Drugs",tags,img,3312,1,Dosage form,Attribute 1 value(s),,1,Attribute 1 default,Dosage Strength,Attribute 2 value(s),,1,Attribute 2 default
3314,variation,Profigrip,1,0,visible,Description,taxable,parent,1,0,0,1,1,"Ibn Alhaytham, Ibn Alhaytham > Respiratory Tract Drugs",tags,img,3312,2,Dosage form,Attribute 1 value(s),,1,Attribute 1 default,Dosage Strength,Attribute 2 value(s),,1,Attribute 2 default
3315,variation,Profigrip,1,0,visible,Description,taxable,parent,1,0,0,1,1,"Ibn Alhaytham, Ibn Alhaytham > Respiratory Tract Drugs",tags,img,3312,3,Dosage form,Attribute 1 value(s),,1,Attribute 1 default,Dosage Strength,Attribute 2 value(s),,1,Attribute 2 default
3316,variable,Loricstat,1,0,visible,Description,taxable,,1,0,0,1,1,"Ibn Alhaytham, Ibn Alhaytham > Urate Lowering Drugs",tags,img,,0,Dosage form,Attribute 1 value(s),1,1,Attribute 1 default,Dosage Strength,Attribute 2 value(s),1,1,Attribute 2 default
3317,variation,Loricstat,1,0,visible,Description,taxable,parent,1,0,0,1,1,"Ibn Alhaytham, Ibn Alhaytham > Urate Lowering Drugs",tags,img,3316,1,Dosage form,Attribute 1 value(s),,1,Attribute 1 default,Dosage Strength,Attribute 2 value(s),,1,Attribute 2 default
3318,variation,Loricstat,1,0,visible,Description,taxable,parent,1,0,0,1,1,"Ibn Alhaytham, Ibn Alhaytham > Urate Lowering Drugs",tags,img,3316,2,Dosage form,Attribute 1 value(s),,1,Attribute 1 default,Dosage Strength,Attribute 2 value(s),,1,Attribute 2 default
3319,variation,Loricstat,1,0,visible,Description,taxable,parent,1,0,0,1,1,"Ibn Alhaytham, Ibn Alhaytham > Urate Lowering Drugs",tags,img,3316,3,Dosage form,Attribute 1 value(s),,1,Attribute 1 default,Dosage Strength,Attribute 2 value(s),,1,Attribute 2 default
3320,variable,Silodosin,1,0,visible,Description,taxable,,1,0,0,1,1,"Ibn Alhaytham, Ibn Alhaytham > Urological Drugs",tags,img,,0,Dosage form,Attribute 1 value(s),1,1,Attribute 1 default,Dosage Strength,Attribute 2 value(s),1,1,Attribute 2 default
3321,variation,Silodosin,1,0,visible,Description,taxable,parent,1,0,0,1,1,"Ibn Alhaytham, Ibn Alhaytham > Urological Drugs",tags,img,3320,1,Dosage form,Attribute 1 value(s),,1,Attribute 1 default,Dosage Strength,Attribute 2 value(s),,1,Attribute 2 default
3322,variation,Silodosin,1,0,visible,Description,taxable,parent,1,0,0,1,1,"Ibn Alhaytham, Ibn Alhaytham > Urological Drugs",tags,img,3320,2,Dosage form,Attribute 1 value(s),,1,Attribute 1 default,Dosage Strength,Attribute 2 value(s),,1,Attribute 2 default
